crop,feature1,feature2,value1,value2,predicted_yield
CORN,ph_mean,TMIN,5.869,8.78,134.38
CORN,ph_mean,TMIN,5.869,9.554,139.22
CORN,ph_mean,TMIN,5.869,10.327,145.12
CORN,ph_mean,TMIN,5.869,11.1,145.5
CORN,ph_mean,TMIN,5.869,11.874,145.96
CORN,ph_mean,TMIN,5.869,12.647,146.63
CORN,ph_mean,TMIN,5.869,13.42,146.29
CORN,ph_mean,TMIN,5.869,14.194,145.71
CORN,ph_mean,TMIN,5.869,14.967,144.23
CORN,ph_mean,TMIN,5.869,15.74,144.32
CORN,ph_mean,TMIN,6.034,8.78,139.71
CORN,ph_mean,TMIN,6.034,9.554,145.23
CORN,ph_mean,TMIN,6.034,10.327,158.92
CORN,ph_mean,TMIN,6.034,11.1,160.95
CORN,ph_mean,TMIN,6.034,11.874,163.3
CORN,ph_mean,TMIN,6.034,12.647,163.5
CORN,ph_mean,TMIN,6.034,13.42,163.5
CORN,ph_mean,TMIN,6.034,14.194,161.81
CORN,ph_mean,TMIN,6.034,14.967,159.37
CORN,ph_mean,TMIN,6.034,15.74,159.24
CORN,ph_mean,TMIN,6.199,8.78,140.9
CORN,ph_mean,TMIN,6.199,9.554,146.48
CORN,ph_mean,TMIN,6.199,10.327,159.69
CORN,ph_mean,TMIN,6.199,11.1,161.7
CORN,ph_mean,TMIN,6.199,11.874,163.91
CORN,ph_mean,TMIN,6.199,12.647,164.08
CORN,ph_mean,TMIN,6.199,13.42,164.08
CORN,ph_mean,TMIN,6.199,14.194,162.34
CORN,ph_mean,TMIN,6.199,14.967,159.92
CORN,ph_mean,TMIN,6.199,15.74,159.71
CORN,ph_mean,TMIN,6.363,8.78,141.15
CORN,ph_mean,TMIN,6.363,9.554,146.77
CORN,ph_mean,TMIN,6.363,10.327,159.51
CORN,ph_mean,TMIN,6.363,11.1,161.49
CORN,ph_mean,TMIN,6.363,11.874,163.64
CORN,ph_mean,TMIN,6.363,12.647,163.76
CORN,ph_mean,TMIN,6.363,13.42,163.71
CORN,ph_mean,TMIN,6.363,14.194,161.67
CORN,ph_mean,TMIN,6.363,14.967,158.97
CORN,ph_mean,TMIN,6.363,15.74,158.74
CORN,ph_mean,TMIN,6.528,8.78,141.55
CORN,ph_mean,TMIN,6.528,9.554,147.16
CORN,ph_mean,TMIN,6.528,10.327,159.88
CORN,ph_mean,TMIN,6.528,11.1,161.77
CORN,ph_mean,TMIN,6.528,11.874,163.76
CORN,ph_mean,TMIN,6.528,12.647,163.95
CORN,ph_mean,TMIN,6.528,13.42,163.82
CORN,ph_mean,TMIN,6.528,14.194,161.72
CORN,ph_mean,TMIN,6.528,14.967,159.07
CORN,ph_mean,TMIN,6.528,15.74,158.81
CORN,ph_mean,TMIN,6.692,8.78,141.88
CORN,ph_mean,TMIN,6.692,9.554,147.46
CORN,ph_mean,TMIN,6.692,10.327,160.04
CORN,ph_mean,TMIN,6.692,11.1,161.9
CORN,ph_mean,TMIN,6.692,11.874,164.03
CORN,ph_mean,TMIN,6.692,12.647,164.2
CORN,ph_mean,TMIN,6.692,13.42,164.14
CORN,ph_mean,TMIN,6.692,14.194,161.99
CORN,ph_mean,TMIN,6.692,14.967,159.35
CORN,ph_mean,TMIN,6.692,15.74,159.05
CORN,ph_mean,TMIN,6.857,8.78,141.59
CORN,ph_mean,TMIN,6.857,9.554,147.3
CORN,ph_mean,TMIN,6.857,10.327,159.42
CORN,ph_mean,TMIN,6.857,11.1,161.07
CORN,ph_mean,TMIN,6.857,11.874,163.04
CORN,ph_mean,TMIN,6.857,12.647,163.25
CORN,ph_mean,TMIN,6.857,13.42,163.33
CORN,ph_mean,TMIN,6.857,14.194,161.34
CORN,ph_mean,TMIN,6.857,14.967,158.87
CORN,ph_mean,TMIN,6.857,15.74,158.53
CORN,ph_mean,TMIN,7.022,8.78,138.45
CORN,ph_mean,TMIN,7.022,9.554,143.74
CORN,ph_mean,TMIN,7.022,10.327,155.14
CORN,ph_mean,TMIN,7.022,11.1,155.64
CORN,ph_mean,TMIN,7.022,11.874,157.34
CORN,ph_mean,TMIN,7.022,12.647,159.54
CORN,ph_mean,TMIN,7.022,13.42,160.01
CORN,ph_mean,TMIN,7.022,14.194,158.76
CORN,ph_mean,TMIN,7.022,14.967,156.75
CORN,ph_mean,TMIN,7.022,15.74,156.54
CORN,ph_mean,TMIN,7.186,8.78,126.06
CORN,ph_mean,TMIN,7.186,9.554,131.23
CORN,ph_mean,TMIN,7.186,10.327,139.22
CORN,ph_mean,TMIN,7.186,11.1,140.21
CORN,ph_mean,TMIN,7.186,11.874,142.54
CORN,ph_mean,TMIN,7.186,12.647,145.18
CORN,ph_mean,TMIN,7.186,13.42,145.43
CORN,ph_mean,TMIN,7.186,14.194,145.14
CORN,ph_mean,TMIN,7.186,14.967,144.32
CORN,ph_mean,TMIN,7.186,15.74,144.15
CORN,ph_mean,TMIN,7.351,8.78,124.94
CORN,ph_mean,TMIN,7.351,9.554,129.04
CORN,ph_mean,TMIN,7.351,10.327,138.02
CORN,ph_mean,TMIN,7.351,11.1,139.18
CORN,ph_mean,TMIN,7.351,11.874,141.17
CORN,ph_mean,TMIN,7.351,12.647,143.94
CORN,ph_mean,TMIN,7.351,13.42,144.19
CORN,ph_mean,TMIN,7.351,14.194,143.9
CORN,ph_mean,TMIN,7.351,14.967,143.14
CORN,ph_mean,TMIN,7.351,15.74,142.99
CORN,ph_mean,clay_mean,5.869,16.508,143.18
CORN,ph_mean,clay_mean,5.869,18.054,143.6
CORN,ph_mean,clay_mean,5.869,19.601,144.06
CORN,ph_mean,clay_mean,5.869,21.148,144.22
CORN,ph_mean,clay_mean,5.869,22.694,144.12
CORN,ph_mean,clay_mean,5.869,24.241,144.97
CORN,ph_mean,clay_mean,5.869,25.788,144.7
CORN,ph_mean,clay_mean,5.869,27.334,144.4
CORN,ph_mean,clay_mean,5.869,28.881,143.47
CORN,ph_mean,clay_mean,5.869,30.428,142.91
CORN,ph_mean,clay_mean,6.034,16.508,149.11
CORN,ph_mean,clay_mean,6.034,18.054,151.07
CORN,ph_mean,clay_mean,6.034,19.601,158.29
CORN,ph_mean,clay_mean,6.034,21.148,161.37
CORN,ph_mean,clay_mean,6.034,22.694,161.69
CORN,ph_mean,clay_mean,6.034,24.241,162.6
CORN,ph_mean,clay_mean,6.034,25.788,162.21
CORN,ph_mean,clay_mean,6.034,27.334,161.01
CORN,ph_mean,clay_mean,6.034,28.881,158.37
CORN,ph_mean,clay_mean,6.034,30.428,155.51
CORN,ph_mean,clay_mean,6.199,16.508,150.7
CORN,ph_mean,clay_mean,6.199,18.054,152.68
CORN,ph_mean,clay_mean,6.199,19.601,159.32
CORN,ph_mean,clay_mean,6.199,21.148,162.02
CORN,ph_mean,clay_mean,6.199,22.694,162.22
CORN,ph_mean,clay_mean,6.199,24.241,163.12
CORN,ph_mean,clay_mean,6.199,25.788,162.76
CORN,ph_mean,clay_mean,6.199,27.334,161.61
CORN,ph_mean,clay_mean,6.199,28.881,158.95
CORN,ph_mean,clay_mean,6.199,30.428,156.07
CORN,ph_mean,clay_mean,6.363,16.508,151.44
CORN,ph_mean,clay_mean,6.363,18.054,154.16
CORN,ph_mean,clay_mean,6.363,19.601,160.15
CORN,ph_mean,clay_mean,6.363,21.148,161.64
CORN,ph_mean,clay_mean,6.363,22.694,161.66
CORN,ph_mean,clay_mean,6.363,24.241,162.13
CORN,ph_mean,clay_mean,6.363,25.788,161.72
CORN,ph_mean,clay_mean,6.363,27.334,161.09
CORN,ph_mean,clay_mean,6.363,28.881,159.21
CORN,ph_mean,clay_mean,6.363,30.428,157.28
CORN,ph_mean,clay_mean,6.528,16.508,152.55
CORN,ph_mean,clay_mean,6.528,18.054,154.95
CORN,ph_mean,clay_mean,6.528,19.601,160.25
CORN,ph_mean,clay_mean,6.528,21.148,161.82
CORN,ph_mean,clay_mean,6.528,22.694,161.79
CORN,ph_mean,clay_mean,6.528,24.241,162.05
CORN,ph_mean,clay_mean,6.528,25.788,161.55
CORN,ph_mean,clay_mean,6.528,27.334,161.04
CORN,ph_mean,clay_mean,6.528,28.881,159.34
CORN,ph_mean,clay_mean,6.528,30.428,157.82
CORN,ph_mean,clay_mean,6.692,16.508,153.53
CORN,ph_mean,clay_mean,6.692,18.054,155.8
CORN,ph_mean,clay_mean,6.692,19.601,160.7
CORN,ph_mean,clay_mean,6.692,21.148,162.22
CORN,ph_mean,clay_mean,6.692,22.694,162.13
CORN,ph_mean,clay_mean,6.692,24.241,162.21
CORN,ph_mean,clay_mean,6.692,25.788,161.51
CORN,ph_mean,clay_mean,6.692,27.334,160.98
CORN,ph_mean,clay_mean,6.692,28.881,159.41
CORN,ph_mean,clay_mean,6.692,30.428,158.06
CORN,ph_mean,clay_mean,6.857,16.508,155.84
CORN,ph_mean,clay_mean,6.857,18.054,157.68
CORN,ph_mean,clay_mean,6.857,19.601,160.56
CORN,ph_mean,clay_mean,6.857,21.148,161.25
CORN,ph_mean,clay_mean,6.857,22.694,161.1
CORN,ph_mean,clay_mean,6.857,24.241,161.02
CORN,ph_mean,clay_mean,6.857,25.788,160.23
CORN,ph_mean,clay_mean,6.857,27.334,159.74
CORN,ph_mean,clay_mean,6.857,28.881,158.16
CORN,ph_mean,clay_mean,6.857,30.428,157.01
CORN,ph_mean,clay_mean,7.022,16.508,155.09
CORN,ph_mean,clay_mean,7.022,18.054,156.59
CORN,ph_mean,clay_mean,7.022,19.601,157.72
CORN,ph_mean,clay_mean,7.022,21.148,156.98
CORN,ph_mean,clay_mean,7.022,22.694,156.39
CORN,ph_mean,clay_mean,7.022,24.241,155.29
CORN,ph_mean,clay_mean,7.022,25.788,154.46
CORN,ph_mean,clay_mean,7.022,27.334,154.07
CORN,ph_mean,clay_mean,7.022,28.881,152.56
CORN,ph_mean,clay_mean,7.022,30.428,152.03
CORN,ph_mean,clay_mean,7.186,16.508,147.22
CORN,ph_mean,clay_mean,7.186,18.054,147.68
CORN,ph_mean,clay_mean,7.186,19.601,144.24
CORN,ph_mean,clay_mean,7.186,21.148,139.68
CORN,ph_mean,clay_mean,7.186,22.694,138.16
CORN,ph_mean,clay_mean,7.186,24.241,136.2
CORN,ph_mean,clay_mean,7.186,25.788,133.18
CORN,ph_mean,clay_mean,7.186,27.334,132.05
CORN,ph_mean,clay_mean,7.186,28.881,131.23
CORN,ph_mean,clay_mean,7.186,30.428,131.05
CORN,ph_mean,clay_mean,7.351,16.508,146.62
CORN,ph_mean,clay_mean,7.351,18.054,147.09
CORN,ph_mean,clay_mean,7.351,19.601,143.6
CORN,ph_mean,clay_mean,7.351,21.148,139.1
CORN,ph_mean,clay_mean,7.351,22.694,137.36
CORN,ph_mean,clay_mean,7.351,24.241,135.31
CORN,ph_mean,clay_mean,7.351,25.788,132.0
CORN,ph_mean,clay_mean,7.351,27.334,130.82
CORN,ph_mean,clay_mean,7.351,28.881,129.94
CORN,ph_mean,clay_mean,7.351,30.428,129.77
CORN,ph_mean,TMAX_MAX,5.869,32.386,149.14
CORN,ph_mean,TMAX_MAX,5.869,33.668,151.17
CORN,ph_mean,TMAX_MAX,5.869,34.95,147.76
CORN,ph_mean,TMAX_MAX,5.869,36.232,145.42
CORN,ph_mean,TMAX_MAX,5.869,37.514,138.54
CORN,ph_mean,TMAX_MAX,5.869,38.795,136.55
CORN,ph_mean,TMAX_MAX,5.869,40.077,135.94
CORN,ph_mean,TMAX_MAX,5.869,41.359,135.61
CORN,ph_mean,TMAX_MAX,5.869,42.641,135.32
CORN,ph_mean,TMAX_MAX,5.869,43.923,134.79
CORN,ph_mean,TMAX_MAX,6.034,32.386,159.91
CORN,ph_mean,TMAX_MAX,6.034,33.668,167.82
CORN,ph_mean,TMAX_MAX,6.034,34.95,167.56
CORN,ph_mean,TMAX_MAX,6.034,36.232,166.64
CORN,ph_mean,TMAX_MAX,6.034,37.514,153.23
CORN,ph_mean,TMAX_MAX,6.034,38.795,145.67
CORN,ph_mean,TMAX_MAX,6.034,40.077,144.96
CORN,ph_mean,TMAX_MAX,6.034,41.359,144.73
CORN,ph_mean,TMAX_MAX,6.034,42.641,144.37
CORN,ph_mean,TMAX_MAX,6.034,43.923,143.76
CORN,ph_mean,TMAX_MAX,6.199,32.386,160.49
CORN,ph_mean,TMAX_MAX,6.199,33.668,168.05
CORN,ph_mean,TMAX_MAX,6.199,34.95,167.87
CORN,ph_mean,TMAX_MAX,6.199,36.232,167.13
CORN,ph_mean,TMAX_MAX,6.199,37.514,154.18
CORN,ph_mean,TMAX_MAX,6.199,38.795,146.67
CORN,ph_mean,TMAX_MAX,6.199,40.077,145.95
CORN,ph_mean,TMAX_MAX,6.199,41.359,145.75
CORN,ph_mean,TMAX_MAX,6.199,42.641,145.4
CORN,ph_mean,TMAX_MAX,6.199,43.923,144.83
CORN,ph_mean,TMAX_MAX,6.363,32.386,159.3
CORN,ph_mean,TMAX_MAX,6.363,33.668,166.54
CORN,ph_mean,TMAX_MAX,6.363,34.95,166.71
CORN,ph_mean,TMAX_MAX,6.363,36.232,166.67
CORN,ph_mean,TMAX_MAX,6.363,37.514,154.82
CORN,ph_mean,TMAX_MAX,6.363,38.795,147.48
CORN,ph_mean,TMAX_MAX,6.363,40.077,146.55
CORN,ph_mean,TMAX_MAX,6.363,41.359,146.39
CORN,ph_mean,TMAX_MAX,6.363,42.641,146.04
CORN,ph_mean,TMAX_MAX,6.363,43.923,145.5
CORN,ph_mean,TMAX_MAX,6.528,32.386,158.4
CORN,ph_mean,TMAX_MAX,6.528,33.668,166.14
CORN,ph_mean,TMAX_MAX,6.528,34.95,166.61
CORN,ph_mean,TMAX_MAX,6.528,36.232,166.9
CORN,ph_mean,TMAX_MAX,6.528,37.514,155.56
CORN,ph_mean,TMAX_MAX,6.528,38.795,148.29
CORN,ph_mean,TMAX_MAX,6.528,40.077,147.4
CORN,ph_mean,TMAX_MAX,6.528,41.359,147.22
CORN,ph_mean,TMAX_MAX,6.528,42.641,146.82
CORN,ph_mean,TMAX_MAX,6.528,43.923,146.24
CORN,ph_mean,TMAX_MAX,6.692,32.386,158.42
CORN,ph_mean,TMAX_MAX,6.692,33.668,166.42
CORN,ph_mean,TMAX_MAX,6.692,34.95,166.8
CORN,ph_mean,TMAX_MAX,6.692,36.232,167.01
CORN,ph_mean,TMAX_MAX,6.692,37.514,155.79
CORN,ph_mean,TMAX_MAX,6.692,38.795,148.71
CORN,ph_mean,TMAX_MAX,6.692,40.077,147.7
CORN,ph_mean,TMAX_MAX,6.692,41.359,147.51
CORN,ph_mean,TMAX_MAX,6.692,42.641,147.07
CORN,ph_mean,TMAX_MAX,6.692,43.923,146.53
CORN,ph_mean,TMAX_MAX,6.857,32.386,158.02
CORN,ph_mean,TMAX_MAX,6.857,33.668,166.0
CORN,ph_mean,TMAX_MAX,6.857,34.95,166.08
CORN,ph_mean,TMAX_MAX,6.857,36.232,165.99
CORN,ph_mean,TMAX_MAX,6.857,37.514,154.61
CORN,ph_mean,TMAX_MAX,6.857,38.795,148.16
CORN,ph_mean,TMAX_MAX,6.857,40.077,147.15
CORN,ph_mean,TMAX_MAX,6.857,41.359,146.87
CORN,ph_mean,TMAX_MAX,6.857,42.641,146.45
CORN,ph_mean,TMAX_MAX,6.857,43.923,145.93
CORN,ph_mean,TMAX_MAX,7.022,32.386,156.96
CORN,ph_mean,TMAX_MAX,7.022,33.668,160.71
CORN,ph_mean,TMAX_MAX,7.022,34.95,161.28
CORN,ph_mean,TMAX_MAX,7.022,36.232,160.61
CORN,ph_mean,TMAX_MAX,7.022,37.514,150.15
CORN,ph_mean,TMAX_MAX,7.022,38.795,143.27
CORN,ph_mean,TMAX_MAX,7.022,40.077,142.68
CORN,ph_mean,TMAX_MAX,7.022,41.359,142.11
CORN,ph_mean,TMAX_MAX,7.022,42.641,141.6
CORN,ph_mean,TMAX_MAX,7.022,43.923,141.21
CORN,ph_mean,TMAX_MAX,7.186,32.386,144.08
CORN,ph_mean,TMAX_MAX,7.186,33.668,144.38
CORN,ph_mean,TMAX_MAX,7.186,34.95,143.12
CORN,ph_mean,TMAX_MAX,7.186,36.232,140.74
CORN,ph_mean,TMAX_MAX,7.186,37.514,129.35
CORN,ph_mean,TMAX_MAX,7.186,38.795,124.01
CORN,ph_mean,TMAX_MAX,7.186,40.077,123.37
CORN,ph_mean,TMAX_MAX,7.186,41.359,121.95
CORN,ph_mean,TMAX_MAX,7.186,42.641,121.29
CORN,ph_mean,TMAX_MAX,7.186,43.923,121.03
CORN,ph_mean,TMAX_MAX,7.351,32.386,143.01
CORN,ph_mean,TMAX_MAX,7.351,33.668,143.1
CORN,ph_mean,TMAX_MAX,7.351,34.95,141.75
CORN,ph_mean,TMAX_MAX,7.351,36.232,139.33
CORN,ph_mean,TMAX_MAX,7.351,37.514,128.72
CORN,ph_mean,TMAX_MAX,7.351,38.795,123.66
CORN,ph_mean,TMAX_MAX,7.351,40.077,123.08
CORN,ph_mean,TMAX_MAX,7.351,41.359,121.64
CORN,ph_mean,TMAX_MAX,7.351,42.641,120.93
CORN,ph_mean,TMAX_MAX,7.351,43.923,120.65
OATS,clay_mean,ph_mean,14.22,5.88,55.65
OATS,clay_mean,ph_mean,14.22,6.039,55.39
OATS,clay_mean,ph_mean,14.22,6.198,56.12
OATS,clay_mean,ph_mean,14.22,6.357,55.67
OATS,clay_mean,ph_mean,14.22,6.516,55.89
OATS,clay_mean,ph_mean,14.22,6.676,56.61
OATS,clay_mean,ph_mean,14.22,6.835,57.19
OATS,clay_mean,ph_mean,14.22,6.994,57.43
OATS,clay_mean,ph_mean,14.22,7.153,57.36
OATS,clay_mean,ph_mean,14.22,7.312,57.27
OATS,clay_mean,ph_mean,15.998,5.88,56.16
OATS,clay_mean,ph_mean,15.998,6.039,55.85
OATS,clay_mean,ph_mean,15.998,6.198,56.72
OATS,clay_mean,ph_mean,15.998,6.357,56.12
OATS,clay_mean,ph_mean,15.998,6.516,56.23
OATS,clay_mean,ph_mean,15.998,6.676,57.0
OATS,clay_mean,ph_mean,15.998,6.835,57.59
OATS,clay_mean,ph_mean,15.998,6.994,57.82
OATS,clay_mean,ph_mean,15.998,7.153,57.76
OATS,clay_mean,ph_mean,15.998,7.312,57.67
OATS,clay_mean,ph_mean,17.776,5.88,56.47
OATS,clay_mean,ph_mean,17.776,6.039,56.23
OATS,clay_mean,ph_mean,17.776,6.198,57.1
OATS,clay_mean,ph_mean,17.776,6.357,57.43
OATS,clay_mean,ph_mean,17.776,6.516,57.72
OATS,clay_mean,ph_mean,17.776,6.676,58.36
OATS,clay_mean,ph_mean,17.776,6.835,58.75
OATS,clay_mean,ph_mean,17.776,6.994,58.98
OATS,clay_mean,ph_mean,17.776,7.153,58.92
OATS,clay_mean,ph_mean,17.776,7.312,58.83
OATS,clay_mean,ph_mean,19.553,5.88,62.36
OATS,clay_mean,ph_mean,19.553,6.039,62.36
OATS,clay_mean,ph_mean,19.553,6.198,64.31
OATS,clay_mean,ph_mean,19.553,6.357,64.19
OATS,clay_mean,ph_mean,19.553,6.516,64.34
OATS,clay_mean,ph_mean,19.553,6.676,64.16
OATS,clay_mean,ph_mean,19.553,6.835,64.9
OATS,clay_mean,ph_mean,19.553,6.994,65.09
OATS,clay_mean,ph_mean,19.553,7.153,64.91
OATS,clay_mean,ph_mean,19.553,7.312,64.87
OATS,clay_mean,ph_mean,21.331,5.88,62.87
OATS,clay_mean,ph_mean,21.331,6.039,63.04
OATS,clay_mean,ph_mean,21.331,6.198,65.53
OATS,clay_mean,ph_mean,21.331,6.357,65.51
OATS,clay_mean,ph_mean,21.331,6.516,65.79
OATS,clay_mean,ph_mean,21.331,6.676,65.68
OATS,clay_mean,ph_mean,21.331,6.835,66.28
OATS,clay_mean,ph_mean,21.331,6.994,66.84
OATS,clay_mean,ph_mean,21.331,7.153,66.54
OATS,clay_mean,ph_mean,21.331,7.312,66.51
OATS,clay_mean,ph_mean,23.109,5.88,62.83
OATS,clay_mean,ph_mean,23.109,6.039,63.04
OATS,clay_mean,ph_mean,23.109,6.198,67.46
OATS,clay_mean,ph_mean,23.109,6.357,68.5
OATS,clay_mean,ph_mean,23.109,6.516,68.54
OATS,clay_mean,ph_mean,23.109,6.676,68.65
OATS,clay_mean,ph_mean,23.109,6.835,69.82
OATS,clay_mean,ph_mean,23.109,6.994,70.28
OATS,clay_mean,ph_mean,23.109,7.153,69.68
OATS,clay_mean,ph_mean,23.109,7.312,69.66
OATS,clay_mean,ph_mean,24.887,5.88,63.79
OATS,clay_mean,ph_mean,24.887,6.039,63.86
OATS,clay_mean,ph_mean,24.887,6.198,67.97
OATS,clay_mean,ph_mean,24.887,6.357,69.48
OATS,clay_mean,ph_mean,24.887,6.516,69.91
OATS,clay_mean,ph_mean,24.887,6.676,70.36
OATS,clay_mean,ph_mean,24.887,6.835,71.86
OATS,clay_mean,ph_mean,24.887,6.994,72.09
OATS,clay_mean,ph_mean,24.887,7.153,71.02
OATS,clay_mean,ph_mean,24.887,7.312,70.97
OATS,clay_mean,ph_mean,26.665,5.88,63.68
OATS,clay_mean,ph_mean,26.665,6.039,63.67
OATS,clay_mean,ph_mean,26.665,6.198,68.95
OATS,clay_mean,ph_mean,26.665,6.357,72.29
OATS,clay_mean,ph_mean,26.665,6.516,73.08
OATS,clay_mean,ph_mean,26.665,6.676,74.15
OATS,clay_mean,ph_mean,26.665,6.835,75.69
OATS,clay_mean,ph_mean,26.665,6.994,75.73
OATS,clay_mean,ph_mean,26.665,7.153,73.02
OATS,clay_mean,ph_mean,26.665,7.312,72.12
OATS,clay_mean,ph_mean,28.443,5.88,63.25
OATS,clay_mean,ph_mean,28.443,6.039,63.26
OATS,clay_mean,ph_mean,28.443,6.198,68.46
OATS,clay_mean,ph_mean,28.443,6.357,71.64
OATS,clay_mean,ph_mean,28.443,6.516,72.36
OATS,clay_mean,ph_mean,28.443,6.676,73.41
OATS,clay_mean,ph_mean,28.443,6.835,75.01
OATS,clay_mean,ph_mean,28.443,6.994,74.97
OATS,clay_mean,ph_mean,28.443,7.153,72.5
OATS,clay_mean,ph_mean,28.443,7.312,71.65
OATS,clay_mean,ph_mean,30.22,5.88,63.08
OATS,clay_mean,ph_mean,30.22,6.039,63.08
OATS,clay_mean,ph_mean,30.22,6.198,67.91
OATS,clay_mean,ph_mean,30.22,6.357,71.07
OATS,clay_mean,ph_mean,30.22,6.516,71.9
OATS,clay_mean,ph_mean,30.22,6.676,72.96
OATS,clay_mean,ph_mean,30.22,6.835,74.33
OATS,clay_mean,ph_mean,30.22,6.994,74.28
OATS,clay_mean,ph_mean,30.22,7.153,72.37
OATS,clay_mean,ph_mean,30.22,7.312,71.55
OATS,clay_mean,soc_mean,14.22,11.454,55.16
OATS,clay_mean,soc_mean,14.22,13.764,56.56
OATS,clay_mean,soc_mean,14.22,16.073,56.44
OATS,clay_mean,soc_mean,14.22,18.383,55.95
OATS,clay_mean,soc_mean,14.22,20.693,55.92
OATS,clay_mean,soc_mean,14.22,23.002,55.95
OATS,clay_mean,soc_mean,14.22,25.312,56.76
OATS,clay_mean,soc_mean,14.22,27.622,59.01
OATS,clay_mean,soc_mean,14.22,29.931,58.75
OATS,clay_mean,soc_mean,14.22,32.241,58.74
OATS,clay_mean,soc_mean,15.998,11.454,55.7
OATS,clay_mean,soc_mean,15.998,13.764,57.12
OATS,clay_mean,soc_mean,15.998,16.073,57.02
OATS,clay_mean,soc_mean,15.998,18.383,56.53
OATS,clay_mean,soc_mean,15.998,20.693,56.51
OATS,clay_mean,soc_mean,15.998,23.002,56.44
OATS,clay_mean,soc_mean,15.998,25.312,57.0
OATS,clay_mean,soc_mean,15.998,27.622,58.81
OATS,clay_mean,soc_mean,15.998,29.931,58.56
OATS,clay_mean,soc_mean,15.998,32.241,58.55
OATS,clay_mean,soc_mean,17.776,11.454,56.18
OATS,clay_mean,soc_mean,17.776,13.764,57.92
OATS,clay_mean,soc_mean,17.776,16.073,57.82
OATS,clay_mean,soc_mean,17.776,18.383,57.46
OATS,clay_mean,soc_mean,17.776,20.693,57.45
OATS,clay_mean,soc_mean,17.776,23.002,57.32
OATS,clay_mean,soc_mean,17.776,25.312,57.84
OATS,clay_mean,soc_mean,17.776,27.622,59.5
OATS,clay_mean,soc_mean,17.776,29.931,59.26
OATS,clay_mean,soc_mean,17.776,32.241,59.25
OATS,clay_mean,soc_mean,19.553,11.454,58.67
OATS,clay_mean,soc_mean,19.553,13.764,64.63
OATS,clay_mean,soc_mean,19.553,16.073,64.73
OATS,clay_mean,soc_mean,19.553,18.383,65.65
OATS,clay_mean,soc_mean,19.553,20.693,65.47
OATS,clay_mean,soc_mean,19.553,23.002,64.54
OATS,clay_mean,soc_mean,19.553,25.312,64.42
OATS,clay_mean,soc_mean,19.553,27.622,64.65
OATS,clay_mean,soc_mean,19.553,29.931,64.17
OATS,clay_mean,soc_mean,19.553,32.241,64.13
OATS,clay_mean,soc_mean,21.331,11.454,58.43
OATS,clay_mean,soc_mean,21.331,13.764,66.54
OATS,clay_mean,soc_mean,21.331,16.073,66.61
OATS,clay_mean,soc_mean,21.331,18.383,67.2
OATS,clay_mean,soc_mean,21.331,20.693,67.07
OATS,clay_mean,soc_mean,21.331,23.002,66.01
OATS,clay_mean,soc_mean,21.331,25.312,65.8
OATS,clay_mean,soc_mean,21.331,27.622,65.76
OATS,clay_mean,soc_mean,21.331,29.931,65.31
OATS,clay_mean,soc_mean,21.331,32.241,65.26
OATS,clay_mean,soc_mean,23.109,11.454,58.6
OATS,clay_mean,soc_mean,23.109,13.764,68.99
OATS,clay_mean,soc_mean,23.109,16.073,69.15
OATS,clay_mean,soc_mean,23.109,18.383,69.88
OATS,clay_mean,soc_mean,23.109,20.693,70.02
OATS,clay_mean,soc_mean,23.109,23.002,68.74
OATS,clay_mean,soc_mean,23.109,25.312,68.3
OATS,clay_mean,soc_mean,23.109,27.622,68.16
OATS,clay_mean,soc_mean,23.109,29.931,67.63
OATS,clay_mean,soc_mean,23.109,32.241,67.6
OATS,clay_mean,soc_mean,24.887,11.454,58.73
OATS,clay_mean,soc_mean,24.887,13.764,70.78
OATS,clay_mean,soc_mean,24.887,16.073,70.98
OATS,clay_mean,soc_mean,24.887,18.383,71.42
OATS,clay_mean,soc_mean,24.887,20.693,71.65
OATS,clay_mean,soc_mean,24.887,23.002,70.22
OATS,clay_mean,soc_mean,24.887,25.312,69.59
OATS,clay_mean,soc_mean,24.887,27.622,69.37
OATS,clay_mean,soc_mean,24.887,29.931,68.72
OATS,clay_mean,soc_mean,24.887,32.241,68.66
OATS,clay_mean,soc_mean,26.665,11.454,59.61
OATS,clay_mean,soc_mean,26.665,13.764,73.08
OATS,clay_mean,soc_mean,26.665,16.073,73.5
OATS,clay_mean,soc_mean,26.665,18.383,73.93
OATS,clay_mean,soc_mean,26.665,20.693,74.26
OATS,clay_mean,soc_mean,26.665,23.002,73.14
OATS,clay_mean,soc_mean,26.665,25.312,72.33
OATS,clay_mean,soc_mean,26.665,27.622,71.93
OATS,clay_mean,soc_mean,26.665,29.931,71.18
OATS,clay_mean,soc_mean,26.665,32.241,71.07
OATS,clay_mean,soc_mean,28.443,11.454,59.46
OATS,clay_mean,soc_mean,28.443,13.764,72.17
OATS,clay_mean,soc_mean,28.443,16.073,72.65
OATS,clay_mean,soc_mean,28.443,18.383,73.1
OATS,clay_mean,soc_mean,28.443,20.693,73.42
OATS,clay_mean,soc_mean,28.443,23.002,72.73
OATS,clay_mean,soc_mean,28.443,25.312,71.97
OATS,clay_mean,soc_mean,28.443,27.622,71.6
OATS,clay_mean,soc_mean,28.443,29.931,70.79
OATS,clay_mean,soc_mean,28.443,32.241,70.67
OATS,clay_mean,soc_mean,30.22,11.454,60.13
OATS,clay_mean,soc_mean,30.22,13.764,71.46
OATS,clay_mean,soc_mean,30.22,16.073,71.96
OATS,clay_mean,soc_mean,30.22,18.383,72.44
OATS,clay_mean,soc_mean,30.22,20.693,72.79
OATS,clay_mean,soc_mean,30.22,23.002,72.26
OATS,clay_mean,soc_mean,30.22,25.312,71.53
OATS,clay_mean,soc_mean,30.22,27.622,71.17
OATS,clay_mean,soc_mean,30.22,29.931,70.46
OATS,clay_mean,soc_mean,30.22,32.241,70.35
OATS,clay_mean,TMIN,14.22,7.976,58.61
OATS,clay_mean,TMIN,14.22,8.608,56.93
OATS,clay_mean,TMIN,14.22,9.239,55.95
OATS,clay_mean,TMIN,14.22,9.871,56.02
OATS,clay_mean,TMIN,14.22,10.503,56.04
OATS,clay_mean,TMIN,14.22,11.134,55.9
OATS,clay_mean,TMIN,14.22,11.766,56.27
OATS,clay_mean,TMIN,14.22,12.398,56.54
OATS,clay_mean,TMIN,14.22,13.029,56.74
OATS,clay_mean,TMIN,14.22,13.661,56.77
OATS,clay_mean,TMIN,15.998,7.976,58.9
OATS,clay_mean,TMIN,15.998,8.608,57.32
OATS,clay_mean,TMIN,15.998,9.239,56.49
OATS,clay_mean,TMIN,15.998,9.871,56.51
OATS,clay_mean,TMIN,15.998,10.503,56.46
OATS,clay_mean,TMIN,15.998,11.134,56.33
OATS,clay_mean,TMIN,15.998,11.766,56.64
OATS,clay_mean,TMIN,15.998,12.398,56.93
OATS,clay_mean,TMIN,15.998,13.029,57.11
OATS,clay_mean,TMIN,15.998,13.661,57.14
OATS,clay_mean,TMIN,17.776,7.976,59.55
OATS,clay_mean,TMIN,17.776,8.608,58.05
OATS,clay_mean,TMIN,17.776,9.239,57.3
OATS,clay_mean,TMIN,17.776,9.871,57.38
OATS,clay_mean,TMIN,17.776,10.503,57.39
OATS,clay_mean,TMIN,17.776,11.134,57.26
OATS,clay_mean,TMIN,17.776,11.766,57.51
OATS,clay_mean,TMIN,17.776,12.398,57.69
OATS,clay_mean,TMIN,17.776,13.029,57.85
OATS,clay_mean,TMIN,17.776,13.661,57.88
OATS,clay_mean,TMIN,19.553,7.976,61.37
OATS,clay_mean,TMIN,19.553,8.608,61.71
OATS,clay_mean,TMIN,19.553,9.239,62.78
OATS,clay_mean,TMIN,19.553,9.871,64.3
OATS,clay_mean,TMIN,19.553,10.503,64.69
OATS,clay_mean,TMIN,19.553,11.134,64.71
OATS,clay_mean,TMIN,19.553,11.766,64.69
OATS,clay_mean,TMIN,19.553,12.398,64.5
OATS,clay_mean,TMIN,19.553,13.029,63.99
OATS,clay_mean,TMIN,19.553,13.661,63.94
OATS,clay_mean,TMIN,21.331,7.976,62.64
OATS,clay_mean,TMIN,21.331,8.608,63.1
OATS,clay_mean,TMIN,21.331,9.239,64.17
OATS,clay_mean,TMIN,21.331,9.871,65.8
OATS,clay_mean,TMIN,21.331,10.503,66.11
OATS,clay_mean,TMIN,21.331,11.134,66.15
OATS,clay_mean,TMIN,21.331,11.766,66.08
OATS,clay_mean,TMIN,21.331,12.398,65.74
OATS,clay_mean,TMIN,21.331,13.029,65.15
OATS,clay_mean,TMIN,21.331,13.661,65.02
OATS,clay_mean,TMIN,23.109,7.976,63.69
OATS,clay_mean,TMIN,23.109,8.608,64.56
OATS,clay_mean,TMIN,23.109,9.239,66.11
OATS,clay_mean,TMIN,23.109,9.871,68.22
OATS,clay_mean,TMIN,23.109,10.503,68.47
OATS,clay_mean,TMIN,23.109,11.134,68.62
OATS,clay_mean,TMIN,23.109,11.766,68.75
OATS,clay_mean,TMIN,23.109,12.398,68.16
OATS,clay_mean,TMIN,23.109,13.029,67.38
OATS,clay_mean,TMIN,23.109,13.661,67.28
OATS,clay_mean,TMIN,24.887,7.976,64.13
OATS,clay_mean,TMIN,24.887,8.608,65.71
OATS,clay_mean,TMIN,24.887,9.239,67.71
OATS,clay_mean,TMIN,24.887,9.871,69.96
OATS,clay_mean,TMIN,24.887,10.503,70.2
OATS,clay_mean,TMIN,24.887,11.134,70.41
OATS,clay_mean,TMIN,24.887,11.766,70.63
OATS,clay_mean,TMIN,24.887,12.398,69.64
OATS,clay_mean,TMIN,24.887,13.029,68.33
OATS,clay_mean,TMIN,24.887,13.661,68.3
OATS,clay_mean,TMIN,26.665,7.976,65.55
OATS,clay_mean,TMIN,26.665,8.608,67.99
OATS,clay_mean,TMIN,26.665,9.239,70.4
OATS,clay_mean,TMIN,26.665,9.871,72.96
OATS,clay_mean,TMIN,26.665,10.503,73.23
OATS,clay_mean,TMIN,26.665,11.134,73.44
OATS,clay_mean,TMIN,26.665,11.766,73.65
OATS,clay_mean,TMIN,26.665,12.398,72.23
OATS,clay_mean,TMIN,26.665,13.029,70.06
OATS,clay_mean,TMIN,26.665,13.661,69.72
OATS,clay_mean,TMIN,28.443,7.976,64.98
OATS,clay_mean,TMIN,28.443,8.608,67.23
OATS,clay_mean,TMIN,28.443,9.239,69.65
OATS,clay_mean,TMIN,28.443,9.871,72.23
OATS,clay_mean,TMIN,28.443,10.503,72.5
OATS,clay_mean,TMIN,28.443,11.134,72.73
OATS,clay_mean,TMIN,28.443,11.766,72.96
OATS,clay_mean,TMIN,28.443,12.398,71.66
OATS,clay_mean,TMIN,28.443,13.029,69.81
OATS,clay_mean,TMIN,28.443,13.661,69.39
OATS,clay_mean,TMIN,30.22,7.976,64.88
OATS,clay_mean,TMIN,30.22,8.608,67.06
OATS,clay_mean,TMIN,30.22,9.239,69.24
OATS,clay_mean,TMIN,30.22,9.871,71.7
OATS,clay_mean,TMIN,30.22,10.503,71.99
OATS,clay_mean,TMIN,30.22,11.134,72.12
OATS,clay_mean,TMIN,30.22,11.766,72.35
OATS,clay_mean,TMIN,30.22,12.398,71.27
OATS,clay_mean,TMIN,30.22,13.029,69.56
OATS,clay_mean,TMIN,30.22,13.661,69.1
SORGHUM,VPD,PRCP,0.884,1.491,77.95
SORGHUM,VPD,PRCP,0.884,1.86,79.17
SORGHUM,VPD,PRCP,0.884,2.229,84.93
SORGHUM,VPD,PRCP,0.884,2.598,85.1
SORGHUM,VPD,PRCP,0.884,2.968,86.13
SORGHUM,VPD,PRCP,0.884,3.337,86.47
SORGHUM,VPD,PRCP,0.884,3.706,85.7
SORGHUM,VPD,PRCP,0.884,4.075,83.85
SORGHUM,VPD,PRCP,0.884,4.445,83.17
SORGHUM,VPD,PRCP,0.884,4.814,82.63
SORGHUM,VPD,PRCP,1.023,1.491,78.19
SORGHUM,VPD,PRCP,1.023,1.86,79.41
SORGHUM,VPD,PRCP,1.023,2.229,85.28
SORGHUM,VPD,PRCP,1.023,2.598,85.45
SORGHUM,VPD,PRCP,1.023,2.968,86.47
SORGHUM,VPD,PRCP,1.023,3.337,86.78
SORGHUM,VPD,PRCP,1.023,3.706,86.02
SORGHUM,VPD,PRCP,1.023,4.075,84.12
SORGHUM,VPD,PRCP,1.023,4.445,83.32
SORGHUM,VPD,PRCP,1.023,4.814,82.64
SORGHUM,VPD,PRCP,1.162,1.491,77.73
SORGHUM,VPD,PRCP,1.162,1.86,78.91
SORGHUM,VPD,PRCP,1.162,2.229,84.71
SORGHUM,VPD,PRCP,1.162,2.598,84.84
SORGHUM,VPD,PRCP,1.162,2.968,85.9
SORGHUM,VPD,PRCP,1.162,3.337,86.26
SORGHUM,VPD,PRCP,1.162,3.706,85.64
SORGHUM,VPD,PRCP,1.162,4.075,84.01
SORGHUM,VPD,PRCP,1.162,4.445,83.27
SORGHUM,VPD,PRCP,1.162,4.814,82.62
SORGHUM,VPD,PRCP,1.301,1.491,77.65
SORGHUM,VPD,PRCP,1.301,1.86,78.81
SORGHUM,VPD,PRCP,1.301,2.229,84.58
SORGHUM,VPD,PRCP,1.301,2.598,84.7
SORGHUM,VPD,PRCP,1.301,2.968,85.73
SORGHUM,VPD,PRCP,1.301,3.337,86.1
SORGHUM,VPD,PRCP,1.301,3.706,85.51
SORGHUM,VPD,PRCP,1.301,4.075,84.02
SORGHUM,VPD,PRCP,1.301,4.445,83.31
SORGHUM,VPD,PRCP,1.301,4.814,82.62
SORGHUM,VPD,PRCP,1.44,1.491,76.12
SORGHUM,VPD,PRCP,1.44,1.86,77.32
SORGHUM,VPD,PRCP,1.44,2.229,83.82
SORGHUM,VPD,PRCP,1.44,2.598,83.97
SORGHUM,VPD,PRCP,1.44,2.968,85.12
SORGHUM,VPD,PRCP,1.44,3.337,85.55
SORGHUM,VPD,PRCP,1.44,3.706,85.0
SORGHUM,VPD,PRCP,1.44,4.075,83.49
SORGHUM,VPD,PRCP,1.44,4.445,82.84
SORGHUM,VPD,PRCP,1.44,4.814,82.2
SORGHUM,VPD,PRCP,1.579,1.491,74.64
SORGHUM,VPD,PRCP,1.579,1.86,75.86
SORGHUM,VPD,PRCP,1.579,2.229,82.63
SORGHUM,VPD,PRCP,1.579,2.598,82.81
SORGHUM,VPD,PRCP,1.579,2.968,84.02
SORGHUM,VPD,PRCP,1.579,3.337,84.51
SORGHUM,VPD,PRCP,1.579,3.706,83.95
SORGHUM,VPD,PRCP,1.579,4.075,82.57
SORGHUM,VPD,PRCP,1.579,4.445,81.97
SORGHUM,VPD,PRCP,1.579,4.814,81.48
SORGHUM,VPD,PRCP,1.718,1.491,61.14
SORGHUM,VPD,PRCP,1.718,1.86,62.2
SORGHUM,VPD,PRCP,1.718,2.229,71.26
SORGHUM,VPD,PRCP,1.718,2.598,71.98
SORGHUM,VPD,PRCP,1.718,2.968,73.62
SORGHUM,VPD,PRCP,1.718,3.337,74.62
SORGHUM,VPD,PRCP,1.718,3.706,74.31
SORGHUM,VPD,PRCP,1.718,4.075,73.38
SORGHUM,VPD,PRCP,1.718,4.445,73.05
SORGHUM,VPD,PRCP,1.718,4.814,72.8
SORGHUM,VPD,PRCP,1.858,1.491,58.0
SORGHUM,VPD,PRCP,1.858,1.86,59.62
SORGHUM,VPD,PRCP,1.858,2.229,66.82
SORGHUM,VPD,PRCP,1.858,2.598,67.28
SORGHUM,VPD,PRCP,1.858,2.968,68.76
SORGHUM,VPD,PRCP,1.858,3.337,69.55
SORGHUM,VPD,PRCP,1.858,3.706,69.31
SORGHUM,VPD,PRCP,1.858,4.075,68.56
SORGHUM,VPD,PRCP,1.858,4.445,68.36
SORGHUM,VPD,PRCP,1.858,4.814,68.23
SORGHUM,VPD,PRCP,1.997,1.491,57.29
SORGHUM,VPD,PRCP,1.997,1.86,58.98
SORGHUM,VPD,PRCP,1.997,2.229,66.04
SORGHUM,VPD,PRCP,1.997,2.598,66.52
SORGHUM,VPD,PRCP,1.997,2.968,67.87
SORGHUM,VPD,PRCP,1.997,3.337,68.6
SORGHUM,VPD,PRCP,1.997,3.706,68.37
SORGHUM,VPD,PRCP,1.997,4.075,67.62
SORGHUM,VPD,PRCP,1.997,4.445,67.45
SORGHUM,VPD,PRCP,1.997,4.814,67.31
SORGHUM,VPD,PRCP,2.136,1.491,50.17
SORGHUM,VPD,PRCP,2.136,1.86,51.74
SORGHUM,VPD,PRCP,2.136,2.229,58.56
SORGHUM,VPD,PRCP,2.136,2.598,59.09
SORGHUM,VPD,PRCP,2.136,2.968,60.07
SORGHUM,VPD,PRCP,2.136,3.337,60.44
SORGHUM,VPD,PRCP,2.136,3.706,60.22
SORGHUM,VPD,PRCP,2.136,4.075,59.47
SORGHUM,VPD,PRCP,2.136,4.445,59.29
SORGHUM,VPD,PRCP,2.136,4.814,59.16
SORGHUM,VPD,GDD_TMAX,0.884,14.292,85.78
SORGHUM,VPD,GDD_TMAX,0.884,14.614,86.47
SORGHUM,VPD,GDD_TMAX,0.884,14.936,86.75
SORGHUM,VPD,GDD_TMAX,0.884,15.258,86.33
SORGHUM,VPD,GDD_TMAX,0.884,15.58,84.56
SORGHUM,VPD,GDD_TMAX,0.884,15.902,81.74
SORGHUM,VPD,GDD_TMAX,0.884,16.224,81.69
SORGHUM,VPD,GDD_TMAX,0.884,16.546,81.23
SORGHUM,VPD,GDD_TMAX,0.884,16.868,80.9
SORGHUM,VPD,GDD_TMAX,0.884,17.19,80.92
SORGHUM,VPD,GDD_TMAX,1.023,14.292,86.09
SORGHUM,VPD,GDD_TMAX,1.023,14.614,86.83
SORGHUM,VPD,GDD_TMAX,1.023,14.936,87.1
SORGHUM,VPD,GDD_TMAX,1.023,15.258,86.59
SORGHUM,VPD,GDD_TMAX,1.023,15.58,84.88
SORGHUM,VPD,GDD_TMAX,1.023,15.902,81.93
SORGHUM,VPD,GDD_TMAX,1.023,16.224,81.89
SORGHUM,VPD,GDD_TMAX,1.023,16.546,81.42
SORGHUM,VPD,GDD_TMAX,1.023,16.868,81.08
SORGHUM,VPD,GDD_TMAX,1.023,17.19,81.1
SORGHUM,VPD,GDD_TMAX,1.162,14.292,85.5
SORGHUM,VPD,GDD_TMAX,1.162,14.614,86.28
SORGHUM,VPD,GDD_TMAX,1.162,14.936,86.6
SORGHUM,VPD,GDD_TMAX,1.162,15.258,86.13
SORGHUM,VPD,GDD_TMAX,1.162,15.58,84.48
SORGHUM,VPD,GDD_TMAX,1.162,15.902,81.8
SORGHUM,VPD,GDD_TMAX,1.162,16.224,81.74
SORGHUM,VPD,GDD_TMAX,1.162,16.546,81.15
SORGHUM,VPD,GDD_TMAX,1.162,16.868,80.8
SORGHUM,VPD,GDD_TMAX,1.162,17.19,80.83
SORGHUM,VPD,GDD_TMAX,1.301,14.292,85.53
SORGHUM,VPD,GDD_TMAX,1.301,14.614,86.31
SORGHUM,VPD,GDD_TMAX,1.301,14.936,86.6
SORGHUM,VPD,GDD_TMAX,1.301,15.258,86.09
SORGHUM,VPD,GDD_TMAX,1.301,15.58,84.31
SORGHUM,VPD,GDD_TMAX,1.301,15.902,81.69
SORGHUM,VPD,GDD_TMAX,1.301,16.224,81.67
SORGHUM,VPD,GDD_TMAX,1.301,16.546,81.08
SORGHUM,VPD,GDD_TMAX,1.301,16.868,80.73
SORGHUM,VPD,GDD_TMAX,1.301,17.19,80.75
SORGHUM,VPD,GDD_TMAX,1.44,14.292,84.9
SORGHUM,VPD,GDD_TMAX,1.44,14.614,85.64
SORGHUM,VPD,GDD_TMAX,1.44,14.936,85.87
SORGHUM,VPD,GDD_TMAX,1.44,15.258,85.4
SORGHUM,VPD,GDD_TMAX,1.44,15.58,83.46
SORGHUM,VPD,GDD_TMAX,1.44,15.902,80.91
SORGHUM,VPD,GDD_TMAX,1.44,16.224,80.91
SORGHUM,VPD,GDD_TMAX,1.44,16.546,80.38
SORGHUM,VPD,GDD_TMAX,1.44,16.868,80.01
SORGHUM,VPD,GDD_TMAX,1.44,17.19,80.03
SORGHUM,VPD,GDD_TMAX,1.579,14.292,84.32
SORGHUM,VPD,GDD_TMAX,1.579,14.614,84.94
SORGHUM,VPD,GDD_TMAX,1.579,14.936,85.16
SORGHUM,VPD,GDD_TMAX,1.579,15.258,84.77
SORGHUM,VPD,GDD_TMAX,1.579,15.58,82.71
SORGHUM,VPD,GDD_TMAX,1.579,15.902,79.32
SORGHUM,VPD,GDD_TMAX,1.579,16.224,79.34
SORGHUM,VPD,GDD_TMAX,1.579,16.546,78.63
SORGHUM,VPD,GDD_TMAX,1.579,16.868,78.1
SORGHUM,VPD,GDD_TMAX,1.579,17.19,78.12
SORGHUM,VPD,GDD_TMAX,1.718,14.292,72.05
SORGHUM,VPD,GDD_TMAX,1.718,14.614,72.16
SORGHUM,VPD,GDD_TMAX,1.718,14.936,72.22
SORGHUM,VPD,GDD_TMAX,1.718,15.258,72.0
SORGHUM,VPD,GDD_TMAX,1.718,15.58,70.86
SORGHUM,VPD,GDD_TMAX,1.718,15.902,68.6
SORGHUM,VPD,GDD_TMAX,1.718,16.224,68.69
SORGHUM,VPD,GDD_TMAX,1.718,16.546,67.67
SORGHUM,VPD,GDD_TMAX,1.718,16.868,67.27
SORGHUM,VPD,GDD_TMAX,1.718,17.19,67.26
SORGHUM,VPD,GDD_TMAX,1.858,14.292,67.28
SORGHUM,VPD,GDD_TMAX,1.858,14.614,67.3
SORGHUM,VPD,GDD_TMAX,1.858,14.936,67.42
SORGHUM,VPD,GDD_TMAX,1.858,15.258,67.21
SORGHUM,VPD,GDD_TMAX,1.858,15.58,66.42
SORGHUM,VPD,GDD_TMAX,1.858,15.902,64.38
SORGHUM,VPD,GDD_TMAX,1.858,16.224,64.43
SORGHUM,VPD,GDD_TMAX,1.858,16.546,63.59
SORGHUM,VPD,GDD_TMAX,1.858,16.868,63.33
SORGHUM,VPD,GDD_TMAX,1.858,17.19,63.32
SORGHUM,VPD,GDD_TMAX,1.997,14.292,66.37
SORGHUM,VPD,GDD_TMAX,1.997,14.614,66.39
SORGHUM,VPD,GDD_TMAX,1.997,14.936,66.51
SORGHUM,VPD,GDD_TMAX,1.997,15.258,66.31
SORGHUM,VPD,GDD_TMAX,1.997,15.58,65.57
SORGHUM,VPD,GDD_TMAX,1.997,15.902,63.55
SORGHUM,VPD,GDD_TMAX,1.997,16.224,63.61
SORGHUM,VPD,GDD_TMAX,1.997,16.546,62.84
SORGHUM,VPD,GDD_TMAX,1.997,16.868,62.65
SORGHUM,VPD,GDD_TMAX,1.997,17.19,62.59
SORGHUM,VPD,GDD_TMAX,2.136,14.292,58.45
SORGHUM,VPD,GDD_TMAX,2.136,14.614,58.47
SORGHUM,VPD,GDD_TMAX,2.136,14.936,58.59
SORGHUM,VPD,GDD_TMAX,2.136,15.258,58.39
SORGHUM,VPD,GDD_TMAX,2.136,15.58,57.66
SORGHUM,VPD,GDD_TMAX,2.136,15.902,55.64
SORGHUM,VPD,GDD_TMAX,2.136,16.224,55.76
SORGHUM,VPD,GDD_TMAX,2.136,16.546,55.12
SORGHUM,VPD,GDD_TMAX,2.136,16.868,54.91
SORGHUM,VPD,GDD_TMAX,2.136,17.19,54.94
SORGHUM,VPD,TMIN,0.884,10.586,79.0
SORGHUM,VPD,TMIN,0.884,11.246,85.54
SORGHUM,VPD,TMIN,0.884,11.907,86.69
SORGHUM,VPD,TMIN,0.884,12.567,87.15
SORGHUM,VPD,TMIN,0.884,13.227,87.3
SORGHUM,VPD,TMIN,0.884,13.887,85.15
SORGHUM,VPD,TMIN,0.884,14.547,84.53
SORGHUM,VPD,TMIN,0.884,15.207,82.62
SORGHUM,VPD,TMIN,0.884,15.867,81.38
SORGHUM,VPD,TMIN,0.884,16.527,80.84
SORGHUM,VPD,TMIN,1.023,10.586,79.06
SORGHUM,VPD,TMIN,1.023,11.246,85.72
SORGHUM,VPD,TMIN,1.023,11.907,86.88
SORGHUM,VPD,TMIN,1.023,12.567,87.41
SORGHUM,VPD,TMIN,1.023,13.227,87.55
SORGHUM,VPD,TMIN,1.023,13.887,85.5
SORGHUM,VPD,TMIN,1.023,14.547,84.88
SORGHUM,VPD,TMIN,1.023,15.207,82.91
SORGHUM,VPD,TMIN,1.023,15.867,81.64
SORGHUM,VPD,TMIN,1.023,16.527,81.1
SORGHUM,VPD,TMIN,1.162,10.586,78.18
SORGHUM,VPD,TMIN,1.162,11.246,85.25
SORGHUM,VPD,TMIN,1.162,11.907,86.5
SORGHUM,VPD,TMIN,1.162,12.567,87.03
SORGHUM,VPD,TMIN,1.162,13.227,87.18
SORGHUM,VPD,TMIN,1.162,13.887,85.21
SORGHUM,VPD,TMIN,1.162,14.547,84.52
SORGHUM,VPD,TMIN,1.162,15.207,82.79
SORGHUM,VPD,TMIN,1.162,15.867,81.51
SORGHUM,VPD,TMIN,1.162,16.527,80.97
SORGHUM,VPD,TMIN,1.301,10.586,78.25
SORGHUM,VPD,TMIN,1.301,11.246,85.08
SORGHUM,VPD,TMIN,1.301,11.907,86.39
SORGHUM,VPD,TMIN,1.301,12.567,86.91
SORGHUM,VPD,TMIN,1.301,13.227,87.07
SORGHUM,VPD,TMIN,1.301,13.887,85.11
SORGHUM,VPD,TMIN,1.301,14.547,84.42
SORGHUM,VPD,TMIN,1.301,15.207,82.69
SORGHUM,VPD,TMIN,1.301,15.867,81.43
SORGHUM,VPD,TMIN,1.301,16.527,80.89
SORGHUM,VPD,TMIN,1.44,10.586,77.11
SORGHUM,VPD,TMIN,1.44,11.246,84.36
SORGHUM,VPD,TMIN,1.44,11.907,85.64
SORGHUM,VPD,TMIN,1.44,12.567,86.26
SORGHUM,VPD,TMIN,1.44,13.227,86.41
SORGHUM,VPD,TMIN,1.44,13.887,84.47
SORGHUM,VPD,TMIN,1.44,14.547,83.81
SORGHUM,VPD,TMIN,1.44,15.207,82.02
SORGHUM,VPD,TMIN,1.44,15.867,80.75
SORGHUM,VPD,TMIN,1.44,16.527,80.24
SORGHUM,VPD,TMIN,1.579,10.586,76.27
SORGHUM,VPD,TMIN,1.579,11.246,82.97
SORGHUM,VPD,TMIN,1.579,11.907,84.23
SORGHUM,VPD,TMIN,1.579,12.567,84.86
SORGHUM,VPD,TMIN,1.579,13.227,85.02
SORGHUM,VPD,TMIN,1.579,13.887,83.15
SORGHUM,VPD,TMIN,1.579,14.547,82.53
SORGHUM,VPD,TMIN,1.579,15.207,80.96
SORGHUM,VPD,TMIN,1.579,15.867,79.94
SORGHUM,VPD,TMIN,1.579,16.527,79.45
SORGHUM,VPD,TMIN,1.718,10.586,66.01
SORGHUM,VPD,TMIN,1.718,11.246,69.83
SORGHUM,VPD,TMIN,1.718,11.907,70.57
SORGHUM,VPD,TMIN,1.718,12.567,72.52
SORGHUM,VPD,TMIN,1.718,13.227,73.17
SORGHUM,VPD,TMIN,1.718,13.887,72.29
SORGHUM,VPD,TMIN,1.718,14.547,71.78
SORGHUM,VPD,TMIN,1.718,15.207,70.35
SORGHUM,VPD,TMIN,1.718,15.867,68.62
SORGHUM,VPD,TMIN,1.718,16.527,67.69
SORGHUM,VPD,TMIN,1.858,10.586,62.39
SORGHUM,VPD,TMIN,1.858,11.246,65.25
SORGHUM,VPD,TMIN,1.858,11.907,65.76
SORGHUM,VPD,TMIN,1.858,12.567,67.69
SORGHUM,VPD,TMIN,1.858,13.227,68.71
SORGHUM,VPD,TMIN,1.858,13.887,68.07
SORGHUM,VPD,TMIN,1.858,14.547,67.61
SORGHUM,VPD,TMIN,1.858,15.207,66.23
SORGHUM,VPD,TMIN,1.858,15.867,64.13
SORGHUM,VPD,TMIN,1.858,16.527,62.94
SORGHUM,VPD,TMIN,1.997,10.586,62.07
SORGHUM,VPD,TMIN,1.997,11.246,64.82
SORGHUM,VPD,TMIN,1.997,11.907,65.31
SORGHUM,VPD,TMIN,1.997,12.567,67.05
SORGHUM,VPD,TMIN,1.997,13.227,67.98
SORGHUM,VPD,TMIN,1.997,13.887,67.36
SORGHUM,VPD,TMIN,1.997,14.547,66.91
SORGHUM,VPD,TMIN,1.997,15.207,65.51
SORGHUM,VPD,TMIN,1.997,15.867,63.31
SORGHUM,VPD,TMIN,1.997,16.527,61.49
SORGHUM,VPD,TMIN,2.136,10.586,55.46
SORGHUM,VPD,TMIN,2.136,11.246,58.19
SORGHUM,VPD,TMIN,2.136,11.907,58.63
SORGHUM,VPD,TMIN,2.136,12.567,59.1
SORGHUM,VPD,TMIN,2.136,13.227,59.68
SORGHUM,VPD,TMIN,2.136,13.887,59.11
SORGHUM,VPD,TMIN,2.136,14.547,58.87
SORGHUM,VPD,TMIN,2.136,15.207,58.09
SORGHUM,VPD,TMIN,2.136,15.867,56.49
SORGHUM,VPD,TMIN,2.136,16.527,53.28
SOYBEANS,ph_mean,bdod_mean,5.869,1.453,45.08
SOYBEANS,ph_mean,bdod_mean,5.869,1.47,45.26
SOYBEANS,ph_mean,bdod_mean,5.869,1.487,45.29
SOYBEANS,ph_mean,bdod_mean,5.869,1.505,45.14
SOYBEANS,ph_mean,bdod_mean,5.869,1.522,45.23
SOYBEANS,ph_mean,bdod_mean,5.869,1.539,45.29
SOYBEANS,ph_mean,bdod_mean,5.869,1.557,44.92
SOYBEANS,ph_mean,bdod_mean,5.869,1.574,44.8
SOYBEANS,ph_mean,bdod_mean,5.869,1.591,44.04
SOYBEANS,ph_mean,bdod_mean,5.869,1.609,44.0
SOYBEANS,ph_mean,bdod_mean,6.027,1.453,49.83
SOYBEANS,ph_mean,bdod_mean,6.027,1.47,50.17
SOYBEANS,ph_mean,bdod_mean,6.027,1.487,50.18
SOYBEANS,ph_mean,bdod_mean,6.027,1.505,49.94
SOYBEANS,ph_mean,bdod_mean,6.027,1.522,49.79
SOYBEANS,ph_mean,bdod_mean,6.027,1.539,48.65
SOYBEANS,ph_mean,bdod_mean,6.027,1.557,45.91
SOYBEANS,ph_mean,bdod_mean,6.027,1.574,45.76
SOYBEANS,ph_mean,bdod_mean,6.027,1.591,44.62
SOYBEANS,ph_mean,bdod_mean,6.027,1.609,44.62
SOYBEANS,ph_mean,bdod_mean,6.185,1.453,50.37
SOYBEANS,ph_mean,bdod_mean,6.185,1.47,50.74
SOYBEANS,ph_mean,bdod_mean,6.185,1.487,50.78
SOYBEANS,ph_mean,bdod_mean,6.185,1.505,50.54
SOYBEANS,ph_mean,bdod_mean,6.185,1.522,50.41
SOYBEANS,ph_mean,bdod_mean,6.185,1.539,49.15
SOYBEANS,ph_mean,bdod_mean,6.185,1.557,46.49
SOYBEANS,ph_mean,bdod_mean,6.185,1.574,46.37
SOYBEANS,ph_mean,bdod_mean,6.185,1.591,44.99
SOYBEANS,ph_mean,bdod_mean,6.185,1.609,44.97
SOYBEANS,ph_mean,bdod_mean,6.342,1.453,49.84
SOYBEANS,ph_mean,bdod_mean,6.342,1.47,50.22
SOYBEANS,ph_mean,bdod_mean,6.342,1.487,50.33
SOYBEANS,ph_mean,bdod_mean,6.342,1.505,50.06
SOYBEANS,ph_mean,bdod_mean,6.342,1.522,49.91
SOYBEANS,ph_mean,bdod_mean,6.342,1.539,48.88
SOYBEANS,ph_mean,bdod_mean,6.342,1.557,46.71
SOYBEANS,ph_mean,bdod_mean,6.342,1.574,46.58
SOYBEANS,ph_mean,bdod_mean,6.342,1.591,45.14
SOYBEANS,ph_mean,bdod_mean,6.342,1.609,45.12
SOYBEANS,ph_mean,bdod_mean,6.5,1.453,49.72
SOYBEANS,ph_mean,bdod_mean,6.5,1.47,50.1
SOYBEANS,ph_mean,bdod_mean,6.5,1.487,50.21
SOYBEANS,ph_mean,bdod_mean,6.5,1.505,49.92
SOYBEANS,ph_mean,bdod_mean,6.5,1.522,49.79
SOYBEANS,ph_mean,bdod_mean,6.5,1.539,48.85
SOYBEANS,ph_mean,bdod_mean,6.5,1.557,46.78
SOYBEANS,ph_mean,bdod_mean,6.5,1.574,46.64
SOYBEANS,ph_mean,bdod_mean,6.5,1.591,45.11
SOYBEANS,ph_mean,bdod_mean,6.5,1.609,45.09
SOYBEANS,ph_mean,bdod_mean,6.658,1.453,49.89
SOYBEANS,ph_mean,bdod_mean,6.658,1.47,50.29
SOYBEANS,ph_mean,bdod_mean,6.658,1.487,50.44
SOYBEANS,ph_mean,bdod_mean,6.658,1.505,50.16
SOYBEANS,ph_mean,bdod_mean,6.658,1.522,50.09
SOYBEANS,ph_mean,bdod_mean,6.658,1.539,49.16
SOYBEANS,ph_mean,bdod_mean,6.658,1.557,46.9
SOYBEANS,ph_mean,bdod_mean,6.658,1.574,46.75
SOYBEANS,ph_mean,bdod_mean,6.658,1.591,45.1
SOYBEANS,ph_mean,bdod_mean,6.658,1.609,45.08
SOYBEANS,ph_mean,bdod_mean,6.815,1.453,49.96
SOYBEANS,ph_mean,bdod_mean,6.815,1.47,50.37
SOYBEANS,ph_mean,bdod_mean,6.815,1.487,50.53
SOYBEANS,ph_mean,bdod_mean,6.815,1.505,50.31
SOYBEANS,ph_mean,bdod_mean,6.815,1.522,50.27
SOYBEANS,ph_mean,bdod_mean,6.815,1.539,49.38
SOYBEANS,ph_mean,bdod_mean,6.815,1.557,46.83
SOYBEANS,ph_mean,bdod_mean,6.815,1.574,46.56
SOYBEANS,ph_mean,bdod_mean,6.815,1.591,44.96
SOYBEANS,ph_mean,bdod_mean,6.815,1.609,44.93
SOYBEANS,ph_mean,bdod_mean,6.973,1.453,41.77
SOYBEANS,ph_mean,bdod_mean,6.973,1.47,42.96
SOYBEANS,ph_mean,bdod_mean,6.973,1.487,43.67
SOYBEANS,ph_mean,bdod_mean,6.973,1.505,43.8
SOYBEANS,ph_mean,bdod_mean,6.973,1.522,43.87
SOYBEANS,ph_mean,bdod_mean,6.973,1.539,43.68
SOYBEANS,ph_mean,bdod_mean,6.973,1.557,43.3
SOYBEANS,ph_mean,bdod_mean,6.973,1.574,42.93
SOYBEANS,ph_mean,bdod_mean,6.973,1.591,42.15
SOYBEANS,ph_mean,bdod_mean,6.973,1.609,41.28
SOYBEANS,ph_mean,bdod_mean,7.131,1.453,39.74
SOYBEANS,ph_mean,bdod_mean,7.131,1.47,40.89
SOYBEANS,ph_mean,bdod_mean,7.131,1.487,41.45
SOYBEANS,ph_mean,bdod_mean,7.131,1.505,41.83
SOYBEANS,ph_mean,bdod_mean,7.131,1.522,41.96
SOYBEANS,ph_mean,bdod_mean,7.131,1.539,41.93
SOYBEANS,ph_mean,bdod_mean,7.131,1.557,42.17
SOYBEANS,ph_mean,bdod_mean,7.131,1.574,41.86
SOYBEANS,ph_mean,bdod_mean,7.131,1.591,41.12
SOYBEANS,ph_mean,bdod_mean,7.131,1.609,40.26
SOYBEANS,ph_mean,bdod_mean,7.288,1.453,39.58
SOYBEANS,ph_mean,bdod_mean,7.288,1.47,40.64
SOYBEANS,ph_mean,bdod_mean,7.288,1.487,41.13
SOYBEANS,ph_mean,bdod_mean,7.288,1.505,41.51
SOYBEANS,ph_mean,bdod_mean,7.288,1.522,41.64
SOYBEANS,ph_mean,bdod_mean,7.288,1.539,41.61
SOYBEANS,ph_mean,bdod_mean,7.288,1.557,41.91
SOYBEANS,ph_mean,bdod_mean,7.288,1.574,41.61
SOYBEANS,ph_mean,bdod_mean,7.288,1.591,40.91
SOYBEANS,ph_mean,bdod_mean,7.288,1.609,40.13
SOYBEANS,ph_mean,clay_mean,5.869,16.677,43.33
SOYBEANS,ph_mean,clay_mean,5.869,18.22,43.56
SOYBEANS,ph_mean,clay_mean,5.869,19.763,44.33
SOYBEANS,ph_mean,clay_mean,5.869,21.306,45.27
SOYBEANS,ph_mean,clay_mean,5.869,22.85,45.41
SOYBEANS,ph_mean,clay_mean,5.869,24.393,46.14
SOYBEANS,ph_mean,clay_mean,5.869,25.936,45.97
SOYBEANS,ph_mean,clay_mean,5.869,27.479,45.64
SOYBEANS,ph_mean,clay_mean,5.869,29.023,45.29
SOYBEANS,ph_mean,clay_mean,5.869,30.566,45.18
SOYBEANS,ph_mean,clay_mean,6.027,16.677,44.15
SOYBEANS,ph_mean,clay_mean,6.027,18.22,44.51
SOYBEANS,ph_mean,clay_mean,6.027,19.763,45.86
SOYBEANS,ph_mean,clay_mean,6.027,21.306,48.73
SOYBEANS,ph_mean,clay_mean,6.027,22.85,48.9
SOYBEANS,ph_mean,clay_mean,6.027,24.393,49.1
SOYBEANS,ph_mean,clay_mean,6.027,25.936,49.02
SOYBEANS,ph_mean,clay_mean,6.027,27.479,48.52
SOYBEANS,ph_mean,clay_mean,6.027,29.023,47.62
SOYBEANS,ph_mean,clay_mean,6.027,30.566,47.08
SOYBEANS,ph_mean,clay_mean,6.185,16.677,44.81
SOYBEANS,ph_mean,clay_mean,6.185,18.22,45.18
SOYBEANS,ph_mean,clay_mean,6.185,19.763,46.72
SOYBEANS,ph_mean,clay_mean,6.185,21.306,49.29
SOYBEANS,ph_mean,clay_mean,6.185,22.85,49.37
SOYBEANS,ph_mean,clay_mean,6.185,24.393,49.53
SOYBEANS,ph_mean,clay_mean,6.185,25.936,49.48
SOYBEANS,ph_mean,clay_mean,6.185,27.479,49.06
SOYBEANS,ph_mean,clay_mean,6.185,29.023,48.12
SOYBEANS,ph_mean,clay_mean,6.185,30.566,47.54
SOYBEANS,ph_mean,clay_mean,6.342,16.677,44.78
SOYBEANS,ph_mean,clay_mean,6.342,18.22,45.19
SOYBEANS,ph_mean,clay_mean,6.342,19.763,46.89
SOYBEANS,ph_mean,clay_mean,6.342,21.306,49.09
SOYBEANS,ph_mean,clay_mean,6.342,22.85,49.16
SOYBEANS,ph_mean,clay_mean,6.342,24.393,49.23
SOYBEANS,ph_mean,clay_mean,6.342,25.936,49.16
SOYBEANS,ph_mean,clay_mean,6.342,27.479,48.85
SOYBEANS,ph_mean,clay_mean,6.342,29.023,48.12
SOYBEANS,ph_mean,clay_mean,6.342,30.566,47.59
SOYBEANS,ph_mean,clay_mean,6.5,16.677,44.72
SOYBEANS,ph_mean,clay_mean,6.5,18.22,45.09
SOYBEANS,ph_mean,clay_mean,6.5,19.763,46.7
SOYBEANS,ph_mean,clay_mean,6.5,21.306,49.03
SOYBEANS,ph_mean,clay_mean,6.5,22.85,49.09
SOYBEANS,ph_mean,clay_mean,6.5,24.393,49.15
SOYBEANS,ph_mean,clay_mean,6.5,25.936,49.09
SOYBEANS,ph_mean,clay_mean,6.5,27.479,48.8
SOYBEANS,ph_mean,clay_mean,6.5,29.023,48.16
SOYBEANS,ph_mean,clay_mean,6.5,30.566,47.7
SOYBEANS,ph_mean,clay_mean,6.658,16.677,45.03
SOYBEANS,ph_mean,clay_mean,6.658,18.22,45.38
SOYBEANS,ph_mean,clay_mean,6.658,19.763,46.9
SOYBEANS,ph_mean,clay_mean,6.658,21.306,49.22
SOYBEANS,ph_mean,clay_mean,6.658,22.85,49.26
SOYBEANS,ph_mean,clay_mean,6.658,24.393,49.3
SOYBEANS,ph_mean,clay_mean,6.658,25.936,49.23
SOYBEANS,ph_mean,clay_mean,6.658,27.479,48.95
SOYBEANS,ph_mean,clay_mean,6.658,29.023,48.37
SOYBEANS,ph_mean,clay_mean,6.658,30.566,47.95
SOYBEANS,ph_mean,clay_mean,6.815,16.677,47.16
SOYBEANS,ph_mean,clay_mean,6.815,18.22,47.5
SOYBEANS,ph_mean,clay_mean,6.815,19.763,48.61
SOYBEANS,ph_mean,clay_mean,6.815,21.306,48.98
SOYBEANS,ph_mean,clay_mean,6.815,22.85,48.98
SOYBEANS,ph_mean,clay_mean,6.815,24.393,48.97
SOYBEANS,ph_mean,clay_mean,6.815,25.936,48.9
SOYBEANS,ph_mean,clay_mean,6.815,27.479,48.6
SOYBEANS,ph_mean,clay_mean,6.815,29.023,48.03
SOYBEANS,ph_mean,clay_mean,6.815,30.566,47.66
SOYBEANS,ph_mean,clay_mean,6.973,16.677,47.68
SOYBEANS,ph_mean,clay_mean,6.973,18.22,47.91
SOYBEANS,ph_mean,clay_mean,6.973,19.763,47.86
SOYBEANS,ph_mean,clay_mean,6.973,21.306,44.55
SOYBEANS,ph_mean,clay_mean,6.973,22.85,43.54
SOYBEANS,ph_mean,clay_mean,6.973,24.393,42.06
SOYBEANS,ph_mean,clay_mean,6.973,25.936,41.97
SOYBEANS,ph_mean,clay_mean,6.973,27.479,41.81
SOYBEANS,ph_mean,clay_mean,6.973,29.023,41.6
SOYBEANS,ph_mean,clay_mean,6.973,30.566,41.49
SOYBEANS,ph_mean,clay_mean,7.131,16.677,47.53
SOYBEANS,ph_mean,clay_mean,7.131,18.22,47.73
SOYBEANS,ph_mean,clay_mean,7.131,19.763,47.63
SOYBEANS,ph_mean,clay_mean,7.131,21.306,43.33
SOYBEANS,ph_mean,clay_mean,7.131,22.85,42.11
SOYBEANS,ph_mean,clay_mean,7.131,24.393,40.14
SOYBEANS,ph_mean,clay_mean,7.131,25.936,39.96
SOYBEANS,ph_mean,clay_mean,7.131,27.479,39.8
SOYBEANS,ph_mean,clay_mean,7.131,29.023,39.6
SOYBEANS,ph_mean,clay_mean,7.131,30.566,39.56
SOYBEANS,ph_mean,clay_mean,7.288,16.677,47.56
SOYBEANS,ph_mean,clay_mean,7.288,18.22,47.75
SOYBEANS,ph_mean,clay_mean,7.288,19.763,47.62
SOYBEANS,ph_mean,clay_mean,7.288,21.306,43.21
SOYBEANS,ph_mean,clay_mean,7.288,22.85,41.96
SOYBEANS,ph_mean,clay_mean,7.288,24.393,39.86
SOYBEANS,ph_mean,clay_mean,7.288,25.936,39.66
SOYBEANS,ph_mean,clay_mean,7.288,27.479,39.49
SOYBEANS,ph_mean,clay_mean,7.288,29.023,39.32
SOYBEANS,ph_mean,clay_mean,7.288,30.566,39.28
SOYBEANS,ph_mean,TMIN,5.869,9.048,40.29
SOYBEANS,ph_mean,TMIN,5.869,9.804,43.11
SOYBEANS,ph_mean,TMIN,5.869,10.56,45.65
SOYBEANS,ph_mean,TMIN,5.869,11.316,45.86
SOYBEANS,ph_mean,TMIN,5.869,12.072,46.1
SOYBEANS,ph_mean,TMIN,5.869,12.828,46.21
SOYBEANS,ph_mean,TMIN,5.869,13.583,46.15
SOYBEANS,ph_mean,TMIN,5.869,14.339,45.19
SOYBEANS,ph_mean,TMIN,5.869,15.095,44.93
SOYBEANS,ph_mean,TMIN,5.869,15.851,44.84
SOYBEANS,ph_mean,TMIN,6.027,9.048,41.4
SOYBEANS,ph_mean,TMIN,6.027,9.804,44.52
SOYBEANS,ph_mean,TMIN,6.027,10.56,47.94
SOYBEANS,ph_mean,TMIN,6.027,11.316,48.75
SOYBEANS,ph_mean,TMIN,6.027,12.072,49.13
SOYBEANS,ph_mean,TMIN,6.027,12.828,49.18
SOYBEANS,ph_mean,TMIN,6.027,13.583,49.15
SOYBEANS,ph_mean,TMIN,6.027,14.339,48.45
SOYBEANS,ph_mean,TMIN,6.027,15.095,48.27
SOYBEANS,ph_mean,TMIN,6.027,15.851,48.18
SOYBEANS,ph_mean,TMIN,6.185,9.048,41.65
SOYBEANS,ph_mean,TMIN,6.185,9.804,44.8
SOYBEANS,ph_mean,TMIN,6.185,10.56,48.36
SOYBEANS,ph_mean,TMIN,6.185,11.316,49.24
SOYBEANS,ph_mean,TMIN,6.185,12.072,49.68
SOYBEANS,ph_mean,TMIN,6.185,12.828,49.75
SOYBEANS,ph_mean,TMIN,6.185,13.583,49.73
SOYBEANS,ph_mean,TMIN,6.185,14.339,49.06
SOYBEANS,ph_mean,TMIN,6.185,15.095,48.82
SOYBEANS,ph_mean,TMIN,6.185,15.851,48.7
SOYBEANS,ph_mean,TMIN,6.342,9.048,41.67
SOYBEANS,ph_mean,TMIN,6.342,9.804,44.75
SOYBEANS,ph_mean,TMIN,6.342,10.56,48.26
SOYBEANS,ph_mean,TMIN,6.342,11.316,49.11
SOYBEANS,ph_mean,TMIN,6.342,12.072,49.53
SOYBEANS,ph_mean,TMIN,6.342,12.828,49.59
SOYBEANS,ph_mean,TMIN,6.342,13.583,49.5
SOYBEANS,ph_mean,TMIN,6.342,14.339,48.76
SOYBEANS,ph_mean,TMIN,6.342,15.095,48.52
SOYBEANS,ph_mean,TMIN,6.342,15.851,48.4
SOYBEANS,ph_mean,TMIN,6.5,9.048,41.7
SOYBEANS,ph_mean,TMIN,6.5,9.804,44.76
SOYBEANS,ph_mean,TMIN,6.5,10.56,48.25
SOYBEANS,ph_mean,TMIN,6.5,11.316,49.08
SOYBEANS,ph_mean,TMIN,6.5,12.072,49.48
SOYBEANS,ph_mean,TMIN,6.5,12.828,49.56
SOYBEANS,ph_mean,TMIN,6.5,13.583,49.46
SOYBEANS,ph_mean,TMIN,6.5,14.339,48.7
SOYBEANS,ph_mean,TMIN,6.5,15.095,48.45
SOYBEANS,ph_mean,TMIN,6.5,15.851,48.32
SOYBEANS,ph_mean,TMIN,6.658,9.048,41.83
SOYBEANS,ph_mean,TMIN,6.658,9.804,44.99
SOYBEANS,ph_mean,TMIN,6.658,10.56,48.45
SOYBEANS,ph_mean,TMIN,6.658,11.316,49.29
SOYBEANS,ph_mean,TMIN,6.658,12.072,49.69
SOYBEANS,ph_mean,TMIN,6.658,12.828,49.77
SOYBEANS,ph_mean,TMIN,6.658,13.583,49.68
SOYBEANS,ph_mean,TMIN,6.658,14.339,48.89
SOYBEANS,ph_mean,TMIN,6.658,15.095,48.63
SOYBEANS,ph_mean,TMIN,6.658,15.851,48.49
SOYBEANS,ph_mean,TMIN,6.815,9.048,41.8
SOYBEANS,ph_mean,TMIN,6.815,9.804,45.04
SOYBEANS,ph_mean,TMIN,6.815,10.56,48.6
SOYBEANS,ph_mean,TMIN,6.815,11.316,49.36
SOYBEANS,ph_mean,TMIN,6.815,12.072,49.73
SOYBEANS,ph_mean,TMIN,6.815,12.828,49.8
SOYBEANS,ph_mean,TMIN,6.815,13.583,49.7
SOYBEANS,ph_mean,TMIN,6.815,14.339,48.92
SOYBEANS,ph_mean,TMIN,6.815,15.095,48.66
SOYBEANS,ph_mean,TMIN,6.815,15.851,48.52
SOYBEANS,ph_mean,TMIN,6.973,9.048,37.37
SOYBEANS,ph_mean,TMIN,6.973,9.804,41.05
SOYBEANS,ph_mean,TMIN,6.973,10.56,43.74
SOYBEANS,ph_mean,TMIN,6.973,11.316,44.24
SOYBEANS,ph_mean,TMIN,6.973,12.072,44.46
SOYBEANS,ph_mean,TMIN,6.973,12.828,44.6
SOYBEANS,ph_mean,TMIN,6.973,13.583,44.57
SOYBEANS,ph_mean,TMIN,6.973,14.339,43.96
SOYBEANS,ph_mean,TMIN,6.973,15.095,43.75
SOYBEANS,ph_mean,TMIN,6.973,15.851,43.67
SOYBEANS,ph_mean,TMIN,7.131,9.048,36.05
SOYBEANS,ph_mean,TMIN,7.131,9.804,39.41
SOYBEANS,ph_mean,TMIN,7.131,10.56,41.91
SOYBEANS,ph_mean,TMIN,7.131,11.316,42.49
SOYBEANS,ph_mean,TMIN,7.131,12.072,42.84
SOYBEANS,ph_mean,TMIN,7.131,12.828,43.03
SOYBEANS,ph_mean,TMIN,7.131,13.583,43.05
SOYBEANS,ph_mean,TMIN,7.131,14.339,42.62
SOYBEANS,ph_mean,TMIN,7.131,15.095,42.43
SOYBEANS,ph_mean,TMIN,7.131,15.851,42.37
SOYBEANS,ph_mean,TMIN,7.288,9.048,36.15
SOYBEANS,ph_mean,TMIN,7.288,9.804,39.1
SOYBEANS,ph_mean,TMIN,7.288,10.56,41.5
SOYBEANS,ph_mean,TMIN,7.288,11.316,42.15
SOYBEANS,ph_mean,TMIN,7.288,12.072,42.52
SOYBEANS,ph_mean,TMIN,7.288,12.828,42.73
SOYBEANS,ph_mean,TMIN,7.288,13.583,42.75
SOYBEANS,ph_mean,TMIN,7.288,14.339,42.37
SOYBEANS,ph_mean,TMIN,7.288,15.095,42.2
SOYBEANS,ph_mean,TMIN,7.288,15.851,42.15
WHEAT_SPRING_EXCL_DURUM,soc_mean,TMIN,11.904,7.02,34.37
WHEAT_SPRING_EXCL_DURUM,soc_mean,TMIN,11.904,7.712,34.79
WHEAT_SPRING_EXCL_DURUM,soc_mean,TMIN,11.904,8.403,37.0
WHEAT_SPRING_EXCL_DURUM,soc_mean,TMIN,11.904,9.095,38.62
WHEAT_SPRING_EXCL_DURUM,soc_mean,TMIN,11.904,9.787,39.08
WHEAT_SPRING_EXCL_DURUM,soc_mean,TMIN,11.904,10.479,39.26
WHEAT_SPRING_EXCL_DURUM,soc_mean,TMIN,11.904,11.171,39.25
WHEAT_SPRING_EXCL_DURUM,soc_mean,TMIN,11.904,11.862,39.29
WHEAT_SPRING_EXCL_DURUM,soc_mean,TMIN,11.904,12.554,39.29
WHEAT_SPRING_EXCL_DURUM,soc_mean,TMIN,11.904,13.246,39.26
WHEAT_SPRING_EXCL_DURUM,soc_mean,TMIN,14.628,7.02,39.36
WHEAT_SPRING_EXCL_DURUM,soc_mean,TMIN,14.628,7.712,40.36
WHEAT_SPRING_EXCL_DURUM,soc_mean,TMIN,14.628,8.403,44.04
WHEAT_SPRING_EXCL_DURUM,soc_mean,TMIN,14.628,9.095,46.84
WHEAT_SPRING_EXCL_DURUM,soc_mean,TMIN,14.628,9.787,48.12
WHEAT_SPRING_EXCL_DURUM,soc_mean,TMIN,14.628,10.479,48.32
WHEAT_SPRING_EXCL_DURUM,soc_mean,TMIN,14.628,11.171,48.29
WHEAT_SPRING_EXCL_DURUM,soc_mean,TMIN,14.628,11.862,48.38
WHEAT_SPRING_EXCL_DURUM,soc_mean,TMIN,14.628,12.554,48.36
WHEAT_SPRING_EXCL_DURUM,soc_mean,TMIN,14.628,13.246,48.25
WHEAT_SPRING_EXCL_DURUM,soc_mean,TMIN,17.351,7.02,39.35
WHEAT_SPRING_EXCL_DURUM,soc_mean,TMIN,17.351,7.712,40.42
WHEAT_SPRING_EXCL_DURUM,soc_mean,TMIN,17.351,8.403,44.1
WHEAT_SPRING_EXCL_DURUM,soc_mean,TMIN,17.351,9.095,46.85
WHEAT_SPRING_EXCL_DURUM,soc_mean,TMIN,17.351,9.787,48.07
WHEAT_SPRING_EXCL_DURUM,soc_mean,TMIN,17.351,10.479,48.27
WHEAT_SPRING_EXCL_DURUM,soc_mean,TMIN,17.351,11.171,48.23
WHEAT_SPRING_EXCL_DURUM,soc_mean,TMIN,17.351,11.862,48.32
WHEAT_SPRING_EXCL_DURUM,soc_mean,TMIN,17.351,12.554,48.31
WHEAT_SPRING_EXCL_DURUM,soc_mean,TMIN,17.351,13.246,48.18
WHEAT_SPRING_EXCL_DURUM,soc_mean,TMIN,20.074,7.02,41.13
WHEAT_SPRING_EXCL_DURUM,soc_mean,TMIN,20.074,7.712,41.99
WHEAT_SPRING_EXCL_DURUM,soc_mean,TMIN,20.074,8.403,45.15
WHEAT_SPRING_EXCL_DURUM,soc_mean,TMIN,20.074,9.095,47.81
WHEAT_SPRING_EXCL_DURUM,soc_mean,TMIN,20.074,9.787,49.1
WHEAT_SPRING_EXCL_DURUM,soc_mean,TMIN,20.074,10.479,49.28
WHEAT_SPRING_EXCL_DURUM,soc_mean,TMIN,20.074,11.171,49.22
WHEAT_SPRING_EXCL_DURUM,soc_mean,TMIN,20.074,11.862,49.28
WHEAT_SPRING_EXCL_DURUM,soc_mean,TMIN,20.074,12.554,49.28
WHEAT_SPRING_EXCL_DURUM,soc_mean,TMIN,20.074,13.246,49.0
WHEAT_SPRING_EXCL_DURUM,soc_mean,TMIN,22.797,7.02,46.67
WHEAT_SPRING_EXCL_DURUM,soc_mean,TMIN,22.797,7.712,46.98
WHEAT_SPRING_EXCL_DURUM,soc_mean,TMIN,22.797,8.403,48.58
WHEAT_SPRING_EXCL_DURUM,soc_mean,TMIN,22.797,9.095,49.99
WHEAT_SPRING_EXCL_DURUM,soc_mean,TMIN,22.797,9.787,51.23
WHEAT_SPRING_EXCL_DURUM,soc_mean,TMIN,22.797,10.479,51.38
WHEAT_SPRING_EXCL_DURUM,soc_mean,TMIN,22.797,11.171,51.32
WHEAT_SPRING_EXCL_DURUM,soc_mean,TMIN,22.797,11.862,51.27
WHEAT_SPRING_EXCL_DURUM,soc_mean,TMIN,22.797,12.554,51.2
WHEAT_SPRING_EXCL_DURUM,soc_mean,TMIN,22.797,13.246,50.7
WHEAT_SPRING_EXCL_DURUM,soc_mean,TMIN,25.521,7.02,47.26
WHEAT_SPRING_EXCL_DURUM,soc_mean,TMIN,25.521,7.712,47.51
WHEAT_SPRING_EXCL_DURUM,soc_mean,TMIN,25.521,8.403,49.09
WHEAT_SPRING_EXCL_DURUM,soc_mean,TMIN,25.521,9.095,50.39
WHEAT_SPRING_EXCL_DURUM,soc_mean,TMIN,25.521,9.787,51.56
WHEAT_SPRING_EXCL_DURUM,soc_mean,TMIN,25.521,10.479,51.69
WHEAT_SPRING_EXCL_DURUM,soc_mean,TMIN,25.521,11.171,51.61
WHEAT_SPRING_EXCL_DURUM,soc_mean,TMIN,25.521,11.862,51.55
WHEAT_SPRING_EXCL_DURUM,soc_mean,TMIN,25.521,12.554,51.47
WHEAT_SPRING_EXCL_DURUM,soc_mean,TMIN,25.521,13.246,50.95
WHEAT_SPRING_EXCL_DURUM,soc_mean,TMIN,28.244,7.02,47.53
WHEAT_SPRING_EXCL_DURUM,soc_mean,TMIN,28.244,7.712,47.77
WHEAT_SPRING_EXCL_DURUM,soc_mean,TMIN,28.244,8.403,49.26
WHEAT_SPRING_EXCL_DURUM,soc_mean,TMIN,28.244,9.095,50.51
WHEAT_SPRING_EXCL_DURUM,soc_mean,TMIN,28.244,9.787,51.67
WHEAT_SPRING_EXCL_DURUM,soc_mean,TMIN,28.244,10.479,51.8
WHEAT_SPRING_EXCL_DURUM,soc_mean,TMIN,28.244,11.171,51.72
WHEAT_SPRING_EXCL_DURUM,soc_mean,TMIN,28.244,11.862,51.65
WHEAT_SPRING_EXCL_DURUM,soc_mean,TMIN,28.244,12.554,51.56
WHEAT_SPRING_EXCL_DURUM,soc_mean,TMIN,28.244,13.246,51.04
WHEAT_SPRING_EXCL_DURUM,soc_mean,TMIN,30.967,7.02,47.53
WHEAT_SPRING_EXCL_DURUM,soc_mean,TMIN,30.967,7.712,47.77
WHEAT_SPRING_EXCL_DURUM,soc_mean,TMIN,30.967,8.403,49.28
WHEAT_SPRING_EXCL_DURUM,soc_mean,TMIN,30.967,9.095,50.53
WHEAT_SPRING_EXCL_DURUM,soc_mean,TMIN,30.967,9.787,51.68
WHEAT_SPRING_EXCL_DURUM,soc_mean,TMIN,30.967,10.479,51.82
WHEAT_SPRING_EXCL_DURUM,soc_mean,TMIN,30.967,11.171,51.73
WHEAT_SPRING_EXCL_DURUM,soc_mean,TMIN,30.967,11.862,51.66
WHEAT_SPRING_EXCL_DURUM,soc_mean,TMIN,30.967,12.554,51.57
WHEAT_SPRING_EXCL_DURUM,soc_mean,TMIN,30.967,13.246,51.05
WHEAT_SPRING_EXCL_DURUM,soc_mean,TMIN,33.691,7.02,47.55
WHEAT_SPRING_EXCL_DURUM,soc_mean,TMIN,33.691,7.712,47.79
WHEAT_SPRING_EXCL_DURUM,soc_mean,TMIN,33.691,8.403,49.3
WHEAT_SPRING_EXCL_DURUM,soc_mean,TMIN,33.691,9.095,50.54
WHEAT_SPRING_EXCL_DURUM,soc_mean,TMIN,33.691,9.787,51.69
WHEAT_SPRING_EXCL_DURUM,soc_mean,TMIN,33.691,10.479,51.82
WHEAT_SPRING_EXCL_DURUM,soc_mean,TMIN,33.691,11.171,51.74
WHEAT_SPRING_EXCL_DURUM,soc_mean,TMIN,33.691,11.862,51.67
WHEAT_SPRING_EXCL_DURUM,soc_mean,TMIN,33.691,12.554,51.57
WHEAT_SPRING_EXCL_DURUM,soc_mean,TMIN,33.691,13.246,51.04
WHEAT_SPRING_EXCL_DURUM,soc_mean,TMIN,36.414,7.02,47.55
WHEAT_SPRING_EXCL_DURUM,soc_mean,TMIN,36.414,7.712,47.79
WHEAT_SPRING_EXCL_DURUM,soc_mean,TMIN,36.414,8.403,49.3
WHEAT_SPRING_EXCL_DURUM,soc_mean,TMIN,36.414,9.095,50.54
WHEAT_SPRING_EXCL_DURUM,soc_mean,TMIN,36.414,9.787,51.68
WHEAT_SPRING_EXCL_DURUM,soc_mean,TMIN,36.414,10.479,51.81
WHEAT_SPRING_EXCL_DURUM,soc_mean,TMIN,36.414,11.171,51.73
WHEAT_SPRING_EXCL_DURUM,soc_mean,TMIN,36.414,11.862,51.66
WHEAT_SPRING_EXCL_DURUM,soc_mean,TMIN,36.414,12.554,51.55
WHEAT_SPRING_EXCL_DURUM,soc_mean,TMIN,36.414,13.246,51.03
WHEAT_SPRING_EXCL_DURUM,soc_mean,EDD_TMAX,11.904,0.103,40.71
WHEAT_SPRING_EXCL_DURUM,soc_mean,EDD_TMAX,11.904,0.303,40.09
WHEAT_SPRING_EXCL_DURUM,soc_mean,EDD_TMAX,11.904,0.503,37.96
WHEAT_SPRING_EXCL_DURUM,soc_mean,EDD_TMAX,11.904,0.702,35.33
WHEAT_SPRING_EXCL_DURUM,soc_mean,EDD_TMAX,11.904,0.902,34.3
WHEAT_SPRING_EXCL_DURUM,soc_mean,EDD_TMAX,11.904,1.102,34.06
WHEAT_SPRING_EXCL_DURUM,soc_mean,EDD_TMAX,11.904,1.301,34.03
WHEAT_SPRING_EXCL_DURUM,soc_mean,EDD_TMAX,11.904,1.501,33.86
WHEAT_SPRING_EXCL_DURUM,soc_mean,EDD_TMAX,11.904,1.701,33.61
WHEAT_SPRING_EXCL_DURUM,soc_mean,EDD_TMAX,11.904,1.9,33.52
WHEAT_SPRING_EXCL_DURUM,soc_mean,EDD_TMAX,14.628,0.103,47.55
WHEAT_SPRING_EXCL_DURUM,soc_mean,EDD_TMAX,14.628,0.303,46.48
WHEAT_SPRING_EXCL_DURUM,soc_mean,EDD_TMAX,14.628,0.503,44.82
WHEAT_SPRING_EXCL_DURUM,soc_mean,EDD_TMAX,14.628,0.702,43.86
WHEAT_SPRING_EXCL_DURUM,soc_mean,EDD_TMAX,14.628,0.902,43.19
WHEAT_SPRING_EXCL_DURUM,soc_mean,EDD_TMAX,14.628,1.102,43.35
WHEAT_SPRING_EXCL_DURUM,soc_mean,EDD_TMAX,14.628,1.301,43.37
WHEAT_SPRING_EXCL_DURUM,soc_mean,EDD_TMAX,14.628,1.501,43.38
WHEAT_SPRING_EXCL_DURUM,soc_mean,EDD_TMAX,14.628,1.701,43.43
WHEAT_SPRING_EXCL_DURUM,soc_mean,EDD_TMAX,14.628,1.9,43.53
WHEAT_SPRING_EXCL_DURUM,soc_mean,EDD_TMAX,17.351,0.103,47.48
WHEAT_SPRING_EXCL_DURUM,soc_mean,EDD_TMAX,17.351,0.303,46.43
WHEAT_SPRING_EXCL_DURUM,soc_mean,EDD_TMAX,17.351,0.503,44.81
WHEAT_SPRING_EXCL_DURUM,soc_mean,EDD_TMAX,17.351,0.702,43.89
WHEAT_SPRING_EXCL_DURUM,soc_mean,EDD_TMAX,17.351,0.902,43.27
WHEAT_SPRING_EXCL_DURUM,soc_mean,EDD_TMAX,17.351,1.102,43.43
WHEAT_SPRING_EXCL_DURUM,soc_mean,EDD_TMAX,17.351,1.301,43.44
WHEAT_SPRING_EXCL_DURUM,soc_mean,EDD_TMAX,17.351,1.501,43.45
WHEAT_SPRING_EXCL_DURUM,soc_mean,EDD_TMAX,17.351,1.701,43.5
WHEAT_SPRING_EXCL_DURUM,soc_mean,EDD_TMAX,17.351,1.9,43.6
WHEAT_SPRING_EXCL_DURUM,soc_mean,EDD_TMAX,20.074,0.103,48.69
WHEAT_SPRING_EXCL_DURUM,soc_mean,EDD_TMAX,20.074,0.303,47.65
WHEAT_SPRING_EXCL_DURUM,soc_mean,EDD_TMAX,20.074,0.503,45.93
WHEAT_SPRING_EXCL_DURUM,soc_mean,EDD_TMAX,20.074,0.702,44.88
WHEAT_SPRING_EXCL_DURUM,soc_mean,EDD_TMAX,20.074,0.902,44.4
WHEAT_SPRING_EXCL_DURUM,soc_mean,EDD_TMAX,20.074,1.102,44.57
WHEAT_SPRING_EXCL_DURUM,soc_mean,EDD_TMAX,20.074,1.301,44.55
WHEAT_SPRING_EXCL_DURUM,soc_mean,EDD_TMAX,20.074,1.501,44.57
WHEAT_SPRING_EXCL_DURUM,soc_mean,EDD_TMAX,20.074,1.701,44.6
WHEAT_SPRING_EXCL_DURUM,soc_mean,EDD_TMAX,20.074,1.9,44.69
WHEAT_SPRING_EXCL_DURUM,soc_mean,EDD_TMAX,22.797,0.103,51.92
WHEAT_SPRING_EXCL_DURUM,soc_mean,EDD_TMAX,22.797,0.303,51.31
WHEAT_SPRING_EXCL_DURUM,soc_mean,EDD_TMAX,22.797,0.503,49.05
WHEAT_SPRING_EXCL_DURUM,soc_mean,EDD_TMAX,22.797,0.702,47.26
WHEAT_SPRING_EXCL_DURUM,soc_mean,EDD_TMAX,22.797,0.902,46.93
WHEAT_SPRING_EXCL_DURUM,soc_mean,EDD_TMAX,22.797,1.102,47.05
WHEAT_SPRING_EXCL_DURUM,soc_mean,EDD_TMAX,22.797,1.301,47.02
WHEAT_SPRING_EXCL_DURUM,soc_mean,EDD_TMAX,22.797,1.501,47.06
WHEAT_SPRING_EXCL_DURUM,soc_mean,EDD_TMAX,22.797,1.701,47.1
WHEAT_SPRING_EXCL_DURUM,soc_mean,EDD_TMAX,22.797,1.9,47.18
WHEAT_SPRING_EXCL_DURUM,soc_mean,EDD_TMAX,25.521,0.103,52.21
WHEAT_SPRING_EXCL_DURUM,soc_mean,EDD_TMAX,25.521,0.303,51.67
WHEAT_SPRING_EXCL_DURUM,soc_mean,EDD_TMAX,25.521,0.503,49.44
WHEAT_SPRING_EXCL_DURUM,soc_mean,EDD_TMAX,25.521,0.702,47.64
WHEAT_SPRING_EXCL_DURUM,soc_mean,EDD_TMAX,25.521,0.902,47.35
WHEAT_SPRING_EXCL_DURUM,soc_mean,EDD_TMAX,25.521,1.102,47.46
WHEAT_SPRING_EXCL_DURUM,soc_mean,EDD_TMAX,25.521,1.301,47.42
WHEAT_SPRING_EXCL_DURUM,soc_mean,EDD_TMAX,25.521,1.501,47.46
WHEAT_SPRING_EXCL_DURUM,soc_mean,EDD_TMAX,25.521,1.701,47.49
WHEAT_SPRING_EXCL_DURUM,soc_mean,EDD_TMAX,25.521,1.9,47.57
WHEAT_SPRING_EXCL_DURUM,soc_mean,EDD_TMAX,28.244,0.103,52.36
WHEAT_SPRING_EXCL_DURUM,soc_mean,EDD_TMAX,28.244,0.303,51.85
WHEAT_SPRING_EXCL_DURUM,soc_mean,EDD_TMAX,28.244,0.503,49.55
WHEAT_SPRING_EXCL_DURUM,soc_mean,EDD_TMAX,28.244,0.702,47.73
WHEAT_SPRING_EXCL_DURUM,soc_mean,EDD_TMAX,28.244,0.902,47.47
WHEAT_SPRING_EXCL_DURUM,soc_mean,EDD_TMAX,28.244,1.102,47.57
WHEAT_SPRING_EXCL_DURUM,soc_mean,EDD_TMAX,28.244,1.301,47.54
WHEAT_SPRING_EXCL_DURUM,soc_mean,EDD_TMAX,28.244,1.501,47.58
WHEAT_SPRING_EXCL_DURUM,soc_mean,EDD_TMAX,28.244,1.701,47.61
WHEAT_SPRING_EXCL_DURUM,soc_mean,EDD_TMAX,28.244,1.9,47.68
WHEAT_SPRING_EXCL_DURUM,soc_mean,EDD_TMAX,30.967,0.103,52.39
WHEAT_SPRING_EXCL_DURUM,soc_mean,EDD_TMAX,30.967,0.303,51.86
WHEAT_SPRING_EXCL_DURUM,soc_mean,EDD_TMAX,30.967,0.503,49.54
WHEAT_SPRING_EXCL_DURUM,soc_mean,EDD_TMAX,30.967,0.702,47.74
WHEAT_SPRING_EXCL_DURUM,soc_mean,EDD_TMAX,30.967,0.902,47.48
WHEAT_SPRING_EXCL_DURUM,soc_mean,EDD_TMAX,30.967,1.102,47.58
WHEAT_SPRING_EXCL_DURUM,soc_mean,EDD_TMAX,30.967,1.301,47.55
WHEAT_SPRING_EXCL_DURUM,soc_mean,EDD_TMAX,30.967,1.501,47.59
WHEAT_SPRING_EXCL_DURUM,soc_mean,EDD_TMAX,30.967,1.701,47.62
WHEAT_SPRING_EXCL_DURUM,soc_mean,EDD_TMAX,30.967,1.9,47.69
WHEAT_SPRING_EXCL_DURUM,soc_mean,EDD_TMAX,33.691,0.103,52.39
WHEAT_SPRING_EXCL_DURUM,soc_mean,EDD_TMAX,33.691,0.303,51.86
WHEAT_SPRING_EXCL_DURUM,soc_mean,EDD_TMAX,33.691,0.503,49.54
WHEAT_SPRING_EXCL_DURUM,soc_mean,EDD_TMAX,33.691,0.702,47.75
WHEAT_SPRING_EXCL_DURUM,soc_mean,EDD_TMAX,33.691,0.902,47.49
WHEAT_SPRING_EXCL_DURUM,soc_mean,EDD_TMAX,33.691,1.102,47.59
WHEAT_SPRING_EXCL_DURUM,soc_mean,EDD_TMAX,33.691,1.301,47.56
WHEAT_SPRING_EXCL_DURUM,soc_mean,EDD_TMAX,33.691,1.501,47.59
WHEAT_SPRING_EXCL_DURUM,soc_mean,EDD_TMAX,33.691,1.701,47.62
WHEAT_SPRING_EXCL_DURUM,soc_mean,EDD_TMAX,33.691,1.9,47.7
WHEAT_SPRING_EXCL_DURUM,soc_mean,EDD_TMAX,36.414,0.103,52.39
WHEAT_SPRING_EXCL_DURUM,soc_mean,EDD_TMAX,36.414,0.303,51.86
WHEAT_SPRING_EXCL_DURUM,soc_mean,EDD_TMAX,36.414,0.503,49.54
WHEAT_SPRING_EXCL_DURUM,soc_mean,EDD_TMAX,36.414,0.702,47.76
WHEAT_SPRING_EXCL_DURUM,soc_mean,EDD_TMAX,36.414,0.902,47.49
WHEAT_SPRING_EXCL_DURUM,soc_mean,EDD_TMAX,36.414,1.102,47.59
WHEAT_SPRING_EXCL_DURUM,soc_mean,EDD_TMAX,36.414,1.301,47.56
WHEAT_SPRING_EXCL_DURUM,soc_mean,EDD_TMAX,36.414,1.501,47.59
WHEAT_SPRING_EXCL_DURUM,soc_mean,EDD_TMAX,36.414,1.701,47.62
WHEAT_SPRING_EXCL_DURUM,soc_mean,EDD_TMAX,36.414,1.9,47.69
WHEAT_SPRING_EXCL_DURUM,soc_mean,TMAX_MAX,11.904,32.454,39.99
WHEAT_SPRING_EXCL_DURUM,soc_mean,TMAX_MAX,11.904,33.455,39.91
WHEAT_SPRING_EXCL_DURUM,soc_mean,TMAX_MAX,11.904,34.457,39.86
WHEAT_SPRING_EXCL_DURUM,soc_mean,TMAX_MAX,11.904,35.459,39.66
WHEAT_SPRING_EXCL_DURUM,soc_mean,TMAX_MAX,11.904,36.461,36.46
WHEAT_SPRING_EXCL_DURUM,soc_mean,TMAX_MAX,11.904,37.462,36.49
WHEAT_SPRING_EXCL_DURUM,soc_mean,TMAX_MAX,11.904,38.464,36.14
WHEAT_SPRING_EXCL_DURUM,soc_mean,TMAX_MAX,11.904,39.466,36.05
WHEAT_SPRING_EXCL_DURUM,soc_mean,TMAX_MAX,11.904,40.468,35.49
WHEAT_SPRING_EXCL_DURUM,soc_mean,TMAX_MAX,11.904,41.469,34.3
WHEAT_SPRING_EXCL_DURUM,soc_mean,TMAX_MAX,14.628,32.454,47.52
WHEAT_SPRING_EXCL_DURUM,soc_mean,TMAX_MAX,14.628,33.455,47.35
WHEAT_SPRING_EXCL_DURUM,soc_mean,TMAX_MAX,14.628,34.457,47.21
WHEAT_SPRING_EXCL_DURUM,soc_mean,TMAX_MAX,14.628,35.459,46.83
WHEAT_SPRING_EXCL_DURUM,soc_mean,TMAX_MAX,14.628,36.461,44.79
WHEAT_SPRING_EXCL_DURUM,soc_mean,TMAX_MAX,14.628,37.462,44.26
WHEAT_SPRING_EXCL_DURUM,soc_mean,TMAX_MAX,14.628,38.464,43.54
WHEAT_SPRING_EXCL_DURUM,soc_mean,TMAX_MAX,14.628,39.466,43.49
WHEAT_SPRING_EXCL_DURUM,soc_mean,TMAX_MAX,14.628,40.468,42.84
WHEAT_SPRING_EXCL_DURUM,soc_mean,TMAX_MAX,14.628,41.469,42.62
WHEAT_SPRING_EXCL_DURUM,soc_mean,TMAX_MAX,17.351,32.454,47.53
WHEAT_SPRING_EXCL_DURUM,soc_mean,TMAX_MAX,17.351,33.455,47.33
WHEAT_SPRING_EXCL_DURUM,soc_mean,TMAX_MAX,17.351,34.457,47.13
WHEAT_SPRING_EXCL_DURUM,soc_mean,TMAX_MAX,17.351,35.459,46.77
WHEAT_SPRING_EXCL_DURUM,soc_mean,TMAX_MAX,17.351,36.461,44.75
WHEAT_SPRING_EXCL_DURUM,soc_mean,TMAX_MAX,17.351,37.462,44.22
WHEAT_SPRING_EXCL_DURUM,soc_mean,TMAX_MAX,17.351,38.464,43.55
WHEAT_SPRING_EXCL_DURUM,soc_mean,TMAX_MAX,17.351,39.466,43.5
WHEAT_SPRING_EXCL_DURUM,soc_mean,TMAX_MAX,17.351,40.468,42.86
WHEAT_SPRING_EXCL_DURUM,soc_mean,TMAX_MAX,17.351,41.469,42.64
WHEAT_SPRING_EXCL_DURUM,soc_mean,TMAX_MAX,20.074,32.454,48.63
WHEAT_SPRING_EXCL_DURUM,soc_mean,TMAX_MAX,20.074,33.455,48.47
WHEAT_SPRING_EXCL_DURUM,soc_mean,TMAX_MAX,20.074,34.457,48.27
WHEAT_SPRING_EXCL_DURUM,soc_mean,TMAX_MAX,20.074,35.459,47.97
WHEAT_SPRING_EXCL_DURUM,soc_mean,TMAX_MAX,20.074,36.461,45.59
WHEAT_SPRING_EXCL_DURUM,soc_mean,TMAX_MAX,20.074,37.462,44.94
WHEAT_SPRING_EXCL_DURUM,soc_mean,TMAX_MAX,20.074,38.464,44.58
WHEAT_SPRING_EXCL_DURUM,soc_mean,TMAX_MAX,20.074,39.466,44.45
WHEAT_SPRING_EXCL_DURUM,soc_mean,TMAX_MAX,20.074,40.468,43.77
WHEAT_SPRING_EXCL_DURUM,soc_mean,TMAX_MAX,20.074,41.469,43.52
WHEAT_SPRING_EXCL_DURUM,soc_mean,TMAX_MAX,22.797,32.454,51.87
WHEAT_SPRING_EXCL_DURUM,soc_mean,TMAX_MAX,22.797,33.455,51.84
WHEAT_SPRING_EXCL_DURUM,soc_mean,TMAX_MAX,22.797,34.457,51.58
WHEAT_SPRING_EXCL_DURUM,soc_mean,TMAX_MAX,22.797,35.459,51.16
WHEAT_SPRING_EXCL_DURUM,soc_mean,TMAX_MAX,22.797,36.461,48.19
WHEAT_SPRING_EXCL_DURUM,soc_mean,TMAX_MAX,22.797,37.462,47.52
WHEAT_SPRING_EXCL_DURUM,soc_mean,TMAX_MAX,22.797,38.464,47.28
WHEAT_SPRING_EXCL_DURUM,soc_mean,TMAX_MAX,22.797,39.466,47.03
WHEAT_SPRING_EXCL_DURUM,soc_mean,TMAX_MAX,22.797,40.468,46.29
WHEAT_SPRING_EXCL_DURUM,soc_mean,TMAX_MAX,22.797,41.469,45.95
WHEAT_SPRING_EXCL_DURUM,soc_mean,TMAX_MAX,25.521,32.454,52.14
WHEAT_SPRING_EXCL_DURUM,soc_mean,TMAX_MAX,25.521,33.455,52.13
WHEAT_SPRING_EXCL_DURUM,soc_mean,TMAX_MAX,25.521,34.457,51.87
WHEAT_SPRING_EXCL_DURUM,soc_mean,TMAX_MAX,25.521,35.459,51.45
WHEAT_SPRING_EXCL_DURUM,soc_mean,TMAX_MAX,25.521,36.461,48.67
WHEAT_SPRING_EXCL_DURUM,soc_mean,TMAX_MAX,25.521,37.462,47.99
WHEAT_SPRING_EXCL_DURUM,soc_mean,TMAX_MAX,25.521,38.464,47.77
WHEAT_SPRING_EXCL_DURUM,soc_mean,TMAX_MAX,25.521,39.466,47.49
WHEAT_SPRING_EXCL_DURUM,soc_mean,TMAX_MAX,25.521,40.468,46.74
WHEAT_SPRING_EXCL_DURUM,soc_mean,TMAX_MAX,25.521,41.469,46.36
WHEAT_SPRING_EXCL_DURUM,soc_mean,TMAX_MAX,28.244,32.454,52.29
WHEAT_SPRING_EXCL_DURUM,soc_mean,TMAX_MAX,28.244,33.455,52.28
WHEAT_SPRING_EXCL_DURUM,soc_mean,TMAX_MAX,28.244,34.457,52.03
WHEAT_SPRING_EXCL_DURUM,soc_mean,TMAX_MAX,28.244,35.459,51.65
WHEAT_SPRING_EXCL_DURUM,soc_mean,TMAX_MAX,28.244,36.461,48.82
WHEAT_SPRING_EXCL_DURUM,soc_mean,TMAX_MAX,28.244,37.462,48.18
WHEAT_SPRING_EXCL_DURUM,soc_mean,TMAX_MAX,28.244,38.464,47.96
WHEAT_SPRING_EXCL_DURUM,soc_mean,TMAX_MAX,28.244,39.466,47.66
WHEAT_SPRING_EXCL_DURUM,soc_mean,TMAX_MAX,28.244,40.468,46.91
WHEAT_SPRING_EXCL_DURUM,soc_mean,TMAX_MAX,28.244,41.469,46.52
WHEAT_SPRING_EXCL_DURUM,soc_mean,TMAX_MAX,30.967,32.454,52.3
WHEAT_SPRING_EXCL_DURUM,soc_mean,TMAX_MAX,30.967,33.455,52.3
WHEAT_SPRING_EXCL_DURUM,soc_mean,TMAX_MAX,30.967,34.457,52.04
WHEAT_SPRING_EXCL_DURUM,soc_mean,TMAX_MAX,30.967,35.459,51.67
WHEAT_SPRING_EXCL_DURUM,soc_mean,TMAX_MAX,30.967,36.461,48.83
WHEAT_SPRING_EXCL_DURUM,soc_mean,TMAX_MAX,30.967,37.462,48.18
WHEAT_SPRING_EXCL_DURUM,soc_mean,TMAX_MAX,30.967,38.464,47.96
WHEAT_SPRING_EXCL_DURUM,soc_mean,TMAX_MAX,30.967,39.466,47.66
WHEAT_SPRING_EXCL_DURUM,soc_mean,TMAX_MAX,30.967,40.468,46.92
WHEAT_SPRING_EXCL_DURUM,soc_mean,TMAX_MAX,30.967,41.469,46.54
WHEAT_SPRING_EXCL_DURUM,soc_mean,TMAX_MAX,33.691,32.454,52.31
WHEAT_SPRING_EXCL_DURUM,soc_mean,TMAX_MAX,33.691,33.455,52.3
WHEAT_SPRING_EXCL_DURUM,soc_mean,TMAX_MAX,33.691,34.457,52.04
WHEAT_SPRING_EXCL_DURUM,soc_mean,TMAX_MAX,33.691,35.459,51.67
WHEAT_SPRING_EXCL_DURUM,soc_mean,TMAX_MAX,33.691,36.461,48.84
WHEAT_SPRING_EXCL_DURUM,soc_mean,TMAX_MAX,33.691,37.462,48.19
WHEAT_SPRING_EXCL_DURUM,soc_mean,TMAX_MAX,33.691,38.464,47.97
WHEAT_SPRING_EXCL_DURUM,soc_mean,TMAX_MAX,33.691,39.466,47.66
WHEAT_SPRING_EXCL_DURUM,soc_mean,TMAX_MAX,33.691,40.468,46.93
WHEAT_SPRING_EXCL_DURUM,soc_mean,TMAX_MAX,33.691,41.469,46.55
WHEAT_SPRING_EXCL_DURUM,soc_mean,TMAX_MAX,36.414,32.454,52.3
WHEAT_SPRING_EXCL_DURUM,soc_mean,TMAX_MAX,36.414,33.455,52.3
WHEAT_SPRING_EXCL_DURUM,soc_mean,TMAX_MAX,36.414,34.457,52.04
WHEAT_SPRING_EXCL_DURUM,soc_mean,TMAX_MAX,36.414,35.459,51.66
WHEAT_SPRING_EXCL_DURUM,soc_mean,TMAX_MAX,36.414,36.461,48.85
WHEAT_SPRING_EXCL_DURUM,soc_mean,TMAX_MAX,36.414,37.462,48.18
WHEAT_SPRING_EXCL_DURUM,soc_mean,TMAX_MAX,36.414,38.464,47.96
WHEAT_SPRING_EXCL_DURUM,soc_mean,TMAX_MAX,36.414,39.466,47.66
WHEAT_SPRING_EXCL_DURUM,soc_mean,TMAX_MAX,36.414,40.468,46.92
WHEAT_SPRING_EXCL_DURUM,soc_mean,TMAX_MAX,36.414,41.469,46.54
